subject_id	predicate_id	object_id	confidence
MP:0012051	owl:equivalentClass	HP:0001257	1.0
MP:0003699	owl:equivalentClass	HP:0030012	0.75
MP:0006078	owl:equivalentClass	HP:0004404	0.75
MP:0013547	owl:equivalentClass	HP:0011819	0.75
MP:0013546	owl:equivalentClass	HP:0000185	0.75
MP:0013548	owl:equivalentClass	HP:0000176	0.75
MP:0013545	owl:equivalentClass	HP:0410005	0.75
MP:0009890	owl:equivalentClass	HP:0410004	0.75
MP:0001431	owl:equivalentClass	HP:0100738	0.75
MP:0001433	owl:equivalentClass	HP:0002591	0.75
MP:0002069	owl:equivalentClass	HP:0040202	0.75
MP:0001426	owl:equivalentClass	HP:0001959	0.75
MP:0001422	owl:equivalentClass	HP:0030082	0.75
MP:0001429	owl:equivalentClass	HP:0001944	0.75
MP:0000613	owl:equivalentClass	HP:0010286	0.75
MP:0001408	owl:equivalentClass	HP:0000733	0.75
MP:0000436	owl:equivalentClass	HP:0002457	0.75
MP:0001406	owl:equivalentClass	HP:0001288	0.75
MP:0001596	owl:equivalentClass	HP:0002615	0.75
MP:0001589	owl:equivalentClass	HP:0025546	0.75
MP:0001588	owl:equivalentClass	HP:0011902	0.75
MP:0002447	owl:equivalentClass	HP:0001877	0.75
MP:0001585	owl:equivalentClass	HP:0001878	0.75
MP:0001577	owl:equivalentClass	HP:0001903	0.75
MP:0001575	owl:equivalentClass	HP:0000961	0.75
MP:0000920	owl:equivalentClass	HP:0012447	0.75
MP:0001560	owl:equivalentClass	HP:0040215	0.75
MP:0002078	owl:equivalentClass	HP:0011014	0.75
MP:0001346	owl:equivalentClass	HP:0011482	0.75
MP:0001559	owl:equivalentClass	HP:0003074	0.75
MP:0001554	owl:equivalentClass	HP:0030781	0.75
MP:0001548	owl:equivalentClass	HP:0003077	0.75
MP:0013451	owl:equivalentClass	HP:0000579	0.75
MP:0005253	owl:equivalentClass	HP:0012373	0.75
MP:0013466	owl:equivalentClass	HP:0001097	0.75
MP:0006194	owl:equivalentClass	HP:0001096	0.75
MP:0001846	owl:equivalentClass	HP:0012649	0.75
MP:0013479	owl:equivalentClass	HP:0100532	0.75
MP:0002092	owl:equivalentClass	HP:0012372	0.75
MP:0013492	owl:equivalentClass	HP:0030934	0.75
MP:0002282	owl:equivalentClass	HP:0002778	0.75
MP:0001297	owl:equivalentClass	HP:0000568	0.75
MP:0001293	owl:equivalentClass	HP:0000528	0.75
MP:0001270	owl:equivalentClass	HP:0003270	0.75
MP:0001263	owl:equivalentClass	HP:0001824	0.75
MP:0001262	owl:equivalentClass	HP:0004325	0.75
MP:0001260	owl:equivalentClass	HP:0004324	0.75
MP:0001268	owl:equivalentClass	HP:0001552	0.75
MP:0001255	owl:equivalentClass	HP:0004322	0.75
MP:0001254	owl:equivalentClass	HP:0000098	0.75
MP:0001242	owl:equivalentClass	HP:0000962	0.75
MP:0002060	owl:equivalentClass	HP:0011121	0.75
MP:0003898	owl:equivalentClass	HP:0025074	0.75
MP:0003899	owl:equivalentClass	HP:0031547	0.75
MP:0003896	owl:equivalentClass	HP:0012248	0.75
MP:0003901	owl:equivalentClass	HP:0031593	0.75
MP:0010519	owl:equivalentClass	HP:0001678	0.75
MP:0003897	owl:equivalentClass	HP:0012249	0.75
MP:0001634	owl:equivalentClass	HP:0011029	0.75
MP:0000598	owl:equivalentClass	HP:0410042	0.75
MP:0002135	owl:equivalentClass	HP:0012210	0.75
MP:0003882	owl:equivalentClass	HP:0030850	0.75
MP:0003795	owl:equivalentClass	HP:0003330	0.75
MP:0002882	owl:equivalentClass	HP:0012757	0.75
MP:0003878	owl:equivalentClass	HP:0031704	0.75
MP:0000163	owl:equivalentClass	HP:0002763	0.75
MP:0003868	owl:equivalentClass	HP:0031685	0.75
MP:0003632	owl:equivalentClass	HP:0012639	0.75
MP:0001202	owl:equivalentClass	HP:0000992	0.75
MP:0001201	owl:equivalentClass	HP:0010648	0.75
MP:0001200	owl:equivalentClass	HP:0001072	0.75
MP:0013328	owl:equivalentClass	HP:0003271	0.75
MP:0002769	owl:equivalentClass	HP:0012872	0.75
MP:0001828	owl:equivalentClass	HP:0410035	0.75
MP:0009419	owl:equivalentClass	HP:0030951	0.75
MP:0003853	owl:equivalentClass	HP:0000958	0.75
MP:0000636	owl:equivalentClass	HP:0012505	0.75
MP:0008986	owl:equivalentClass	HP:0030146	0.75
MP:0003848	owl:equivalentClass	HP:0002299	0.75
MP:0013358	owl:equivalentClass	HP:0011755	0.75
MP:0003828	owl:equivalentClass	HP:0100598	0.75
MP:0001175	owl:equivalentClass	HP:0002088	0.75
MP:0001785	owl:equivalentClass	HP:0000969	0.75
MP:0002768	owl:equivalentClass	HP:0000835	0.75
MP:0013370	owl:equivalentClass	HP:0000970	0.75
MP:0013371	owl:equivalentClass	HP:0000966	0.75
MP:0013372	owl:equivalentClass	HP:0000975	0.75
MP:0003807	owl:equivalentClass	HP:0012385	0.75
MP:0001845	owl:equivalentClass	HP:0012647	0.75
MP:0013393	owl:equivalentClass	HP:0430007	0.75
MP:0003414	owl:equivalentClass	HP:0200040	0.75
MP:0001340	owl:equivalentClass	HP:0000492	0.75
MP:0001120	owl:equivalentClass	HP:0031105	0.75
MP:0001393	owl:equivalentClass	HP:0001251	0.75
MP:0001399	owl:equivalentClass	HP:0000752	0.75
MP:0001389	owl:equivalentClass	HP:0000496	0.75
MP:0003698	owl:equivalentClass	HP:0012874	0.75
MP:0001378	owl:equivalentClass	HP:0012875	0.75
MP:0002065	owl:equivalentClass	HP:0100852	0.75
MP:0001341	owl:equivalentClass	HP:0011224	0.75
MP:0001344	owl:equivalentClass	HP:0000508	0.75
MP:0001337	owl:equivalentClass	HP:0001097	0.75
MP:0005407	owl:equivalentClass	HP:0031005	0.75
MP:0011655	owl:equivalentClass	HP:0011004	0.75
MP:0001334	owl:equivalentClass	HP:0010999	0.75
MP:0001333	owl:equivalentClass	HP:0012521	0.75
MP:0003991	owl:equivalentClass	HP:0002634	0.75
MP:0001326	owl:equivalentClass	HP:0000546	0.75
MP:0010865	owl:equivalentClass	HP:0001511	0.75
MP:0003985	owl:equivalentClass	HP:0030760	0.75
MP:0001317	owl:equivalentClass	HP:0000615	0.75
MP:0000358	owl:equivalentClass	HP:0025461	0.75
MP:0001316	owl:equivalentClass	HP:0000559	0.75
MP:0001312	owl:equivalentClass	HP:0000481	0.75
MP:0001314	owl:equivalentClass	HP:0007957	0.75
MP:0003971	owl:equivalentClass	HP:0031097	0.75
MP:0003974	owl:equivalentClass	HP:0004306	0.75
MP:0003970	owl:equivalentClass	HP:0040086	0.75
MP:0001304	owl:equivalentClass	HP:0000518	0.75
MP:0003969	owl:equivalentClass	HP:0030345	0.75
MP:0001306	owl:equivalentClass	HP:0012376	0.75
MP:0001300	owl:equivalentClass	HP:0000316	0.75
MP:0000285	owl:equivalentClass	HP:0001654	0.75
MP:0001764	owl:equivalentClass	HP:0012337	0.75
MP:0000762	owl:equivalentClass	HP:0030809	0.75
MP:0009641	owl:equivalentClass	HP:0012585	0.75
MP:0005278	owl:equivalentClass	HP:0003464	0.75
MP:0003945	owl:equivalentClass	HP:0031409	0.75
MP:0000003	owl:equivalentClass	HP:0009124	0.75
MP:0002160	owl:equivalentClass	HP:0012243	0.75
MP:0002102	owl:equivalentClass	HP:0031703	0.75
MP:0003931	owl:equivalentClass	HP:0011054	0.75
MP:0005584	owl:equivalentClass	HP:0012379	0.75
MP:0003924	owl:equivalentClass	HP:0000776	0.75
MP:0003921	owl:equivalentClass	HP:0001711	0.75
MP:0013261	owl:equivalentClass	HP:0008753	0.75
MP:0010371	owl:equivalentClass	HP:0005483	0.75
MP:0000452	owl:equivalentClass	HP:0011338	0.75
MP:0003068	owl:equivalentClass	HP:0000105	0.75
MP:0000757	owl:equivalentClass	HP:0004299	0.75
MP:0003900	owl:equivalentClass	HP:0012232	0.75
MP:0006089	owl:equivalentClass	HP:0030999	0.75
MP:0011513	owl:equivalentClass	HP:0030321	0.75
MP:0000477	owl:equivalentClass	HP:0002242	0.75
MP:0013942	owl:equivalentClass	HP:0100686	0.75
MP:0002932	owl:equivalentClass	HP:0001367	0.75
MP:0002731	owl:equivalentClass	HP:0002251	0.75
MP:0003296	owl:equivalentClass	HP:0004388	0.75
MP:0013872	owl:equivalentClass	HP:3000042	0.75
MP:0006064	owl:equivalentClass	HP:0025575	0.75
MP:0002827	owl:equivalentClass	HP:0031263	0.75
MP:0010436	owl:equivalentClass	HP:0011642	0.75
MP:0011317	owl:equivalentClass	HP:0008776	0.75
MP:0004181	owl:equivalentClass	HP:0005344	0.75
MP:0003395	owl:equivalentClass	HP:0031251	0.75
MP:0001879	owl:equivalentClass	HP:0100766	0.75
MP:0003658	owl:equivalentClass	HP:0025016	0.75
MP:0006063	owl:equivalentClass	HP:0025576	0.75
MP:0000484	owl:equivalentClass	HP:0030966	0.75
MP:0011320	owl:equivalentClass	HP:0025006	0.75
MP:0004113	owl:equivalentClass	HP:0012303	0.75
MP:0012730	owl:equivalentClass	HP:3000062	0.75
MP:0012729	owl:equivalentClass	HP:0430021	0.75
MP:0011356	owl:equivalentClass	HP:0001920	0.75
MP:0011362	owl:equivalentClass	HP:0011742	0.75
MP:0011361	owl:equivalentClass	HP:0000125	0.75
MP:0003600	owl:equivalentClass	HP:0000086	0.75
MP:0000520	owl:equivalentClass	HP:0000104	0.75
MP:0000266	owl:equivalentClass	HP:0001627	0.75
MP:0001890	owl:equivalentClass	HP:0002323	0.75
MP:0001876	owl:equivalentClass	HP:0012648	0.75
MP:0001874	owl:equivalentClass	HP:0025092	0.75
MP:0001873	owl:equivalentClass	HP:0005263	0.75
MP:0001872	owl:equivalentClass	HP:0000246	0.75
MP:0001866	owl:equivalentClass	HP:0012384	0.75
MP:0001864	owl:equivalentClass	HP:0002633	0.75
MP:0001867	owl:equivalentClass	HP:0012384	0.75
MP:0001860	owl:equivalentClass	HP:0012115	0.75
MP:0005048	owl:equivalentClass	HP:0001977	0.75
MP:0001852	owl:equivalentClass	HP:0000509	0.75
MP:0001859	owl:equivalentClass	HP:0000123	0.75
MP:0001857	owl:equivalentClass	HP:0001701	0.75
MP:0001856	owl:equivalentClass	HP:0012819	0.75
MP:0001847	owl:equivalentClass	HP:0002383	0.75
MP:0001823	owl:equivalentClass	HP:0000778	0.75
MP:0000706	owl:equivalentClass	HP:0000778	0.75
MP:0002460	owl:equivalentClass	HP:0004313	0.75
MP:0001806	owl:equivalentClass	HP:0002850	0.75
MP:0001805	owl:equivalentClass	HP:0004315	0.75
MP:0002493	owl:equivalentClass	HP:0003237	0.75
MP:0013806	owl:equivalentClass	HP:0001298	0.75
MP:0013807	owl:equivalentClass	HP:0007430	0.75
MP:0013821	owl:equivalentClass	HP:0009145	0.75
MP:0013854	owl:equivalentClass	HP:0012326	0.75
MP:0013856	owl:equivalentClass	HP:0012327	0.75
MP:0011227	owl:equivalentClass	HP:0040126	0.75
MP:0000414	owl:equivalentClass	HP:0001596	0.75
MP:0011249	owl:equivalentClass	HP:0003363	0.75
MP:0004133	owl:equivalentClass	HP:0030853	0.75
MP:0011250	owl:equivalentClass	HP:0031565	0.75
MP:0011252	owl:equivalentClass	HP:0001696	0.75
MP:0011253	owl:equivalentClass	HP:0031592	0.75
MP:0005408	owl:equivalentClass	HP:0001010	0.75
MP:0001999	owl:equivalentClass	HP:0000992	0.75
MP:0001967	owl:equivalentClass	HP:0000365	0.75
MP:0001954	owl:equivalentClass	HP:0002098	0.75
MP:0001953	owl:equivalentClass	HP:0002878	0.75
MP:0001943	owl:equivalentClass	HP:0002795	0.75
MP:0001958	owl:equivalentClass	HP:0002097	0.75
MP:0001957	owl:equivalentClass	HP:0002104	0.75
MP:0001956	owl:equivalentClass	HP:0040213	0.75
MP:0001948	owl:equivalentClass	HP:0000076	0.75
MP:0001147	owl:equivalentClass	HP:0008734	0.75
MP:0001947	owl:equivalentClass	HP:0031602	0.75
MP:0005652	owl:equivalentClass	HP:0012245	0.75
MP:0001156	owl:equivalentClass	HP:0008669	0.75
MP:0001930	owl:equivalentClass	HP:0031515	0.75
MP:0001926	owl:equivalentClass	HP:0008222	0.75
MP:0001924	owl:equivalentClass	HP:0000789	0.75
MP:0001925	owl:equivalentClass	HP:0003251	0.75
MP:0001917	owl:equivalentClass	HP:0030746	0.75
MP:0001916	owl:equivalentClass	HP:0001342	0.75
MP:0001915	owl:equivalentClass	HP:0002170	0.75
MP:0013658	owl:equivalentClass	HP:0020047	0.75
MP:0003311	owl:equivalentClass	HP:0003355	0.75
MP:0013752	owl:equivalentClass	HP:0010307	0.75
MP:0013753	owl:equivalentClass	HP:0002779	0.75
MP:0013776	owl:equivalentClass	HP:0005528	0.75
MP:0010942	owl:equivalentClass	HP:0012253	0.75
MP:0013787	owl:equivalentClass	HP:0000613	0.75
MP:0000350	owl:equivalentClass	HP:0031377	0.75
MP:0001665	owl:equivalentClass	HP:0002028	0.75
MP:0005036	owl:equivalentClass	HP:0002014	0.75
MP:0011164	owl:equivalentClass	HP:0012490	0.75
MP:0010768	owl:equivalentClass	HP:0040006	0.75
MP:0001654	owl:equivalentClass	HP:0002605	0.75
MP:0011174	owl:equivalentClass	HP:0009125	0.75
MP:0002416	owl:equivalentClass	HP:0025035	0.75
MP:0001636	owl:equivalentClass	HP:0011675	0.75
MP:0001629	owl:equivalentClass	HP:0011675	0.75
MP:0000274	owl:equivalentClass	HP:0001640	0.75
MP:0000062	owl:equivalentClass	HP:0011001	0.75
MP:0000063	owl:equivalentClass	HP:0004349	0.75
MP:0000130	owl:equivalentClass	HP:0100671	0.75
MP:0013659	owl:equivalentClass	HP:0012130	0.75
MP:0011012	owl:equivalentClass	HP:0002110	0.75
MP:0002264	owl:equivalentClass	HP:0025426	0.75
MP:0004844	owl:equivalentClass	HP:0007670	0.75
MP:0001788	owl:equivalentClass	HP:0100539	0.75
MP:0011050	owl:equivalentClass	HP:0005938	0.75
MP:0011055	owl:equivalentClass	HP:0012261	0.75
MP:0001762	owl:equivalentClass	HP:0000103	0.75
MP:0005645	owl:equivalentClass	HP:0012285	0.75
MP:0001751	owl:equivalentClass	HP:0011969	0.75
MP:0003362	owl:equivalentClass	HP:0000837	0.75
MP:0001750	owl:equivalentClass	HP:0008232	0.75
MP:0002790	owl:equivalentClass	HP:0030341	0.75
MP:0003347	owl:equivalentClass	HP:0010514	0.75
MP:0011082	owl:equivalentClass	HP:0030895	0.75
MP:0001732	owl:equivalentClass	HP:0008897	0.75
MP:0008271	owl:equivalentClass	HP:0011849	0.75
MP:0011727	owl:equivalentClass	HP:0031086	0.75
MP:0011737	owl:equivalentClass	HP:0025382	0.75
MP:0000031	owl:equivalentClass	HP:0000375	0.75
MP:0011738	owl:equivalentClass	HP:0012050	0.75
MP:0000689	owl:equivalentClass	HP:0025408	0.75
MP:0011745	owl:equivalentClass	HP:0031633	0.75
MP:0011747	owl:equivalentClass	HP:0011974	0.75
MP:0005326	owl:equivalentClass	HP:0031265	0.75
MP:0011763	owl:equivalentClass	HP:0500006	0.75
MP:0011765	owl:equivalentClass	HP:0003218	0.75
MP:0010028	owl:equivalentClass	HP:0012072	0.75
MP:0011767	owl:equivalentClass	HP:0000070	0.75
MP:0011775	owl:equivalentClass	HP:0025023	0.75
MP:0011786	owl:equivalentClass	HP:0025407	0.75
MP:0008071	owl:equivalentClass	HP:0005365	0.75
MP:0008046	owl:equivalentClass	HP:0040219	0.75
MP:0008037	owl:equivalentClass	HP:0002843	0.75
MP:0002619	owl:equivalentClass	HP:0004332	0.75
MP:0012762	owl:equivalentClass	HP:0030333	0.75
MP:0000359	owl:equivalentClass	HP:0100494	0.75
MP:0002095	owl:equivalentClass	HP:0001000	0.75
MP:0006035	owl:equivalentClass	HP:0008322	0.75
MP:0011633	owl:equivalentClass	HP:0012087	0.75
MP:0003702	owl:equivalentClass	HP:0031411	0.75
MP:0005503	owl:equivalentClass	HP:0100261	0.75
MP:0011642	owl:equivalentClass	HP:0011862	0.75
MP:0010476	owl:equivalentClass	HP:0011641	0.75
MP:0004157	owl:equivalentClass	HP:0011611	0.75
MP:0011659	owl:equivalentClass	HP:0011613	0.75
MP:0011665	owl:equivalentClass	HP:0031348	0.75
MP:0011664	owl:equivalentClass	HP:0011610	0.75
MP:0000284	owl:equivalentClass	HP:0001719	0.75
MP:0011669	owl:equivalentClass	HP:0011652	0.75
MP:0011661	owl:equivalentClass	HP:0004384	0.75
MP:0011660	owl:equivalentClass	HP:0001683	0.75
MP:0011663	owl:equivalentClass	HP:0011609	0.75
MP:0011662	owl:equivalentClass	HP:0011608	0.75
MP:0004159	owl:equivalentClass	HP:0011590	0.75
MP:0011670	owl:equivalentClass	HP:0011654	0.75
MP:0010413	owl:equivalentClass	HP:0001674	0.75
MP:0011680	owl:equivalentClass	HP:0011573	0.75
MP:0002624	owl:equivalentClass	HP:0001702	0.75
MP:0004939	owl:equivalentClass	HP:0002846	0.75
MP:0004370	owl:equivalentClass	HP:0003988	0.75
MP:0000482	owl:equivalentClass	HP:0003085	0.75
MP:0002764	owl:equivalentClass	HP:0005736	0.75
MP:0004359	owl:equivalentClass	HP:0003022	0.75
MP:0004351	owl:equivalentClass	HP:0005792	0.75
MP:0004355	owl:equivalentClass	HP:0002984	0.75
MP:0003109	owl:equivalentClass	HP:0003097	0.75
MP:0002765	owl:equivalentClass	HP:0003038	0.75
MP:0008145	owl:equivalentClass	HP:0012047	0.75
MP:0008144	owl:equivalentClass	HP:0000662	0.75
MP:0002001	owl:equivalentClass	HP:0000618	0.75
MP:0008140	owl:equivalentClass	HP:0031266	0.75
MP:0002446	owl:equivalentClass	HP:0004311	0.75
MP:0008101	owl:equivalentClass	HP:0002732	0.75
MP:0008102	owl:equivalentClass	HP:0002716	0.75
MP:0011505	owl:equivalentClass	HP:0006487	0.75
MP:0011515	owl:equivalentClass	HP:0000979	0.75
MP:0011517	owl:equivalentClass	HP:0003159	0.75
MP:0011516	owl:equivalentClass	HP:0012068	0.75
MP:0003620	owl:equivalentClass	HP:0100520	0.75
MP:0005546	owl:equivalentClass	HP:0011506	0.75
MP:0000138	owl:equivalentClass	HP:0008465	0.75
MP:0011579	owl:equivalentClass	HP:0031209	0.75
MP:0011571	owl:equivalentClass	HP:0031591	0.75
MP:0009867	owl:equivalentClass	HP:0031784	0.75
MP:0011403	owl:equivalentClass	HP:0012330	0.75
MP:0011405	owl:equivalentClass	HP:0001970	0.75
MP:0003619	owl:equivalentClass	HP:0012086	0.75
MP:0005161	owl:equivalentClass	HP:0000790	0.75
MP:0011421	owl:equivalentClass	HP:0012615	0.75
MP:0011420	owl:equivalentClass	HP:0012085	0.75
MP:0011430	owl:equivalentClass	HP:0030762	0.75
MP:0002828	owl:equivalentClass	HP:0031264	0.75
MP:0011492	owl:equivalentClass	HP:0030735	0.75
MP:0011491	owl:equivalentClass	HP:0000074	0.75
MP:0011493	owl:equivalentClass	HP:0000073	0.75
MP:0008461	owl:equivalentClass	HP:0011537	0.75
MP:0008438	owl:equivalentClass	HP:0031512	0.75
MP:0008418	owl:equivalentClass	HP:0025082	0.75
MP:0008543	owl:equivalentClass	HP:0005110	0.75
MP:0002816	owl:equivalentClass	HP:0002583	0.75
MP:0008534	owl:equivalentClass	HP:0002198	0.75
MP:0008535	owl:equivalentClass	HP:0006956	0.75
MP:0005352	owl:equivalentClass	HP:0000252	0.75
MP:0011973	owl:equivalentClass	HP:0031795	0.75
MP:0005403	owl:equivalentClass	HP:0040129	0.75
MP:0000272	owl:equivalentClass	HP:0001679	0.75
MP:0008282	owl:equivalentClass	HP:0100961	0.75
MP:0008273	owl:equivalentClass	HP:0012790	0.75
MP:0002417	owl:equivalentClass	HP:0012143	0.75
MP:0008246	owl:equivalentClass	HP:0001881	0.75
MP:0011829	owl:equivalentClass	HP:0001586	0.75
MP:0011852	owl:equivalentClass	HP:0010479	0.75
MP:0011854	owl:equivalentClass	HP:0002181	0.75
MP:0011876	owl:equivalentClass	HP:0030261	0.75
MP:0011883	owl:equivalentClass	HP:0008986	0.75
MP:0004720	owl:equivalentClass	HP:0011875	0.75
MP:0008397	owl:equivalentClass	HP:0030334	0.75
MP:0002208	owl:equivalentClass	HP:0012862	0.75
MP:0008387	owl:equivalentClass	HP:0001931	0.75
MP:0002811	owl:equivalentClass	HP:0001972	0.75
MP:0008388	owl:equivalentClass	HP:0004840	0.75
MP:0002810	owl:equivalentClass	HP:0001935	0.75
MP:0000040	owl:equivalentClass	HP:0009910	0.75
MP:0011922	owl:equivalentClass	HP:0031427	0.75
MP:0002249	owl:equivalentClass	HP:0025423	0.75
MP:0030030	owl:equivalentClass	HP:0002645	0.75
MP:0030032	owl:equivalentClass	HP:0000348	0.75
MP:0030042	owl:equivalentClass	HP:0002003	0.75
MP:0030035	owl:equivalentClass	HP:0005281	0.75
MP:0030034	owl:equivalentClass	HP:0005280	0.75
MP:0030037	owl:equivalentClass	HP:0000426	0.75
MP:0030036	owl:equivalentClass	HP:0003194	0.75
MP:0030029	owl:equivalentClass	HP:0010537	0.75
MP:0030025	owl:equivalentClass	HP:0001902	0.75
MP:0002599	owl:equivalentClass	HP:0011877	0.75
MP:0030050	owl:equivalentClass	HP:0000303	0.75
MP:0030058	owl:equivalentClass	HP:0030756	0.75
MP:0030043	owl:equivalentClass	HP:0000350	0.75
MP:0030049	owl:equivalentClass	HP:0011220	0.75
MP:0030048	owl:equivalentClass	HP:0000340	0.75
MP:0030047	owl:equivalentClass	HP:0004425	0.75
MP:0030074	owl:equivalentClass	HP:0000280	0.75
MP:0030070	owl:equivalentClass	HP:0000276	0.75
MP:0030068	owl:equivalentClass	HP:0100729	0.75
MP:0030073	owl:equivalentClass	HP:0000321	0.75
MP:0030072	owl:equivalentClass	HP:0000311	0.75
MP:0030088	owl:equivalentClass	HP:0000691	0.75
MP:0030078	owl:equivalentClass	HP:0100663	0.75
MP:0030064	owl:equivalentClass	HP:0000274	0.75
MP:0030066	owl:equivalentClass	HP:0011219	0.75
MP:0030062	owl:equivalentClass	HP:0000452	0.75
MP:0030067	owl:equivalentClass	HP:0000275	0.75
MP:0030069	owl:equivalentClass	HP:0000283	0.75
MP:0030097	owl:equivalentClass	HP:0004467	0.75
MP:0030099	owl:equivalentClass	HP:0000324	0.75
MP:0008863	owl:equivalentClass	HP:0004484	0.75
MP:0030098	owl:equivalentClass	HP:0000629	0.75
MP:0030094	owl:equivalentClass	HP:0002677	0.75
MP:0000454	owl:equivalentClass	HP:0030791	0.75
MP:0030087	owl:equivalentClass	HP:0009754	0.75
MP:0030091	owl:equivalentClass	HP:0001572	0.75
MP:0005135	owl:equivalentClass	HP:0002925	0.75
MP:0003363	owl:equivalentClass	HP:0030339	0.75
MP:0005134	owl:equivalentClass	HP:0031098	0.75
MP:0005103	owl:equivalentClass	HP:0007703	0.75
MP:0005102	owl:equivalentClass	HP:0008034	0.75
MP:0006362	owl:equivalentClass	HP:0012863	0.75
MP:0000837	owl:equivalentClass	HP:0012286	0.75
MP:0005153	owl:equivalentClass	HP:0031380	0.75
MP:0005094	owl:equivalentClass	HP:0031379	0.75
MP:0005085	owl:equivalentClass	HP:0012438	0.75
MP:0005084	owl:equivalentClass	HP:0012437	0.75
MP:0005083	owl:equivalentClass	HP:0012440	0.75
MP:0005044	owl:equivalentClass	HP:0100806	0.75
MP:0020406	owl:equivalentClass	HP:0003296	0.75
MP:0020404	owl:equivalentClass	HP:0003137	0.75
MP:0020403	owl:equivalentClass	HP:0003297	0.75
MP:0020402	owl:equivalentClass	HP:0003532	0.75
MP:0020401	owl:equivalentClass	HP:0003268	0.75
MP:0020400	owl:equivalentClass	HP:0003131	0.75
MP:0020441	owl:equivalentClass	HP:0012230	0.75
MP:0003099	owl:equivalentClass	HP:0000541	0.75
MP:0020443	owl:equivalentClass	HP:0007917	0.75
MP:0020442	owl:equivalentClass	HP:0012231	0.75
MP:0002674	owl:equivalentClass	HP:0012206	0.75
MP:0006009	owl:equivalentClass	HP:0002269	0.75
MP:0003797	owl:equivalentClass	HP:0003103	0.75
MP:0010971	owl:equivalentClass	HP:0030313	0.75
MP:0005478	owl:equivalentClass	HP:0031507	0.75
MP:0005475	owl:equivalentClass	HP:0031505	0.75
MP:0005477	owl:equivalentClass	HP:0031506	0.75
MP:0030472	owl:equivalentClass	HP:0011090	0.75
MP:0005468	owl:equivalentClass	HP:0031508	0.75
MP:0030462	owl:equivalentClass	HP:0030757	0.75
MP:0005450	owl:equivalentClass	HP:0012338	0.75
MP:0030496	owl:equivalentClass	HP:0000679	0.75
MP:0030499	owl:equivalentClass	HP:0000698	0.75
MP:0003635	owl:equivalentClass	HP:0012535	0.75
MP:0005435	owl:equivalentClass	HP:0011854	0.75
MP:0005426	owl:equivalentClass	HP:0002789	0.75
MP:0005422	owl:equivalentClass	HP:0011001	0.75
MP:0005421	owl:equivalentClass	HP:0000973	0.75
MP:0005415	owl:equivalentClass	HP:0001406	0.75
MP:0000610	owl:equivalentClass	HP:0001396	0.75
MP:0005414	owl:equivalentClass	HP:0012334	0.75
MP:0002229	owl:equivalentClass	HP:0002180	0.75
MP:0002272	owl:equivalentClass	HP:0001311	0.75
MP:0003560	owl:equivalentClass	HP:0002758	0.75
MP:0030327	owl:equivalentClass	HP:0012478	0.75
MP:0005578	owl:equivalentClass	HP:0012864	0.75
MP:0010743	owl:equivalentClass	HP:0000270	0.75
MP:0005562	owl:equivalentClass	HP:0025547	0.75
MP:0005561	owl:equivalentClass	HP:0025548	0.75
MP:0030368	owl:equivalentClass	HP:0000243	0.75
MP:0005328	owl:equivalentClass	HP:0012100	0.75
MP:0030393	owl:equivalentClass	HP:0000270	0.75
MP:0005544	owl:equivalentClass	HP:0000531	0.75
MP:0005542	owl:equivalentClass	HP:0011496	0.75
MP:0030387	owl:equivalentClass	HP:0004491	0.75
MP:0030388	owl:equivalentClass	HP:0000239	0.75
MP:0005515	owl:equivalentClass	HP:0000554	0.75
MP:0005505	owl:equivalentClass	HP:0001894	0.75
MP:0030417	owl:equivalentClass	HP:0004493	0.75
MP:0030222	owl:equivalentClass	HP:0100774	0.75
MP:0030419	owl:equivalentClass	HP:0030789	0.75
MP:0030418	owl:equivalentClass	HP:0005465	0.75
MP:0030403	owl:equivalentClass	HP:0200111	0.75
MP:0005251	owl:equivalentClass	HP:0000498	0.75
MP:0030214	owl:equivalentClass	HP:0002380	0.75
MP:0009046	owl:equivalentClass	HP:0002380	0.75
MP:0002233	owl:equivalentClass	HP:0005105	0.75
MP:0005244	owl:equivalentClass	HP:0011851	0.75
MP:0005312	owl:equivalentClass	HP:0001698	0.75
MP:0005243	owl:equivalentClass	HP:0012151	0.75
MP:0002295	owl:equivalentClass	HP:0030875	0.75
MP:0005245	owl:equivalentClass	HP:0005261	0.75
MP:0005242	owl:equivalentClass	HP:0001126	0.75
MP:0030203	owl:equivalentClass	HP:0000420	0.75
MP:0030197	owl:equivalentClass	HP:0005104	0.75
MP:0030206	owl:equivalentClass	HP:0009936	0.75
MP:0030205	owl:equivalentClass	HP:0009746	0.75
MP:0005230	owl:equivalentClass	HP:0100257	0.75
MP:0030223	owl:equivalentClass	HP:0004472	0.75
MP:0030253	owl:equivalentClass	HP:0030867	0.75
MP:0005203	owl:equivalentClass	HP:0012630	0.75
MP:0005202	owl:equivalentClass	HP:0001254	0.75
MP:0030248	owl:equivalentClass	HP:0002010	0.75
MP:0004540	owl:equivalentClass	HP:0000327	0.75
MP:0030244	owl:equivalentClass	HP:0000331	0.75
MP:0030273	owl:equivalentClass	HP:0000347	0.75
MP:0004282	owl:equivalentClass	HP:0000278	0.75
MP:0030274	owl:equivalentClass	HP:0000327	0.75
MP:0030262	owl:equivalentClass	HP:0002007	0.75
MP:0030265	owl:equivalentClass	HP:0000242	0.75
MP:0000018	owl:equivalentClass	HP:0008551	0.75
MP:0030290	owl:equivalentClass	HP:0031046	0.75
MP:0000937	owl:equivalentClass	HP:0002450	0.75
MP:0005190	owl:equivalentClass	HP:0002754	0.75
MP:0005188	owl:equivalentClass	HP:0000054	0.75
MP:0005184	owl:equivalentClass	HP:0031212	0.75
MP:0009819	owl:equivalentClass	HP:0030347	0.75
MP:0003369	owl:equivalentClass	HP:0025132	0.75
MP:0005179	owl:equivalentClass	HP:0003146	0.75
MP:0005170	owl:equivalentClass	HP:0000204	0.75
MP:0005163	owl:equivalentClass	HP:0009914	0.75
MP:0000753	owl:equivalentClass	HP:0003470	0.75
MP:0005159	owl:equivalentClass	HP:0000027	0.75
MP:0005156	owl:equivalentClass	HP:0002067	0.75
MP:0005157	owl:equivalentClass	HP:0001360	0.75
MP:0005152	owl:equivalentClass	HP:0001876	0.75
MP:0003179	owl:equivalentClass	HP:0001873	0.75
MP:0005150	owl:equivalentClass	HP:0004326	0.75
MP:0000599	owl:equivalentClass	HP:0002240	0.75
MP:0005361	owl:equivalentClass	HP:0012506	0.75
MP:0003740	owl:equivalentClass	HP:0005473	0.75
MP:0030116	owl:equivalentClass	HP:0000456	0.75
MP:0030117	owl:equivalentClass	HP:0011803	0.75
MP:0030101	owl:equivalentClass	HP:0000670	0.75
MP:0030100	owl:equivalentClass	HP:0011332	0.75
MP:0005331	owl:equivalentClass	HP:0000855	0.75
MP:0005330	owl:equivalentClass	HP:0001638	0.75
MP:0005324	owl:equivalentClass	HP:0001541	0.75
MP:0005323	owl:equivalentClass	HP:0001332	0.75
MP:0004142	owl:equivalentClass	HP:0003808	0.75
MP:0030126	owl:equivalentClass	HP:0000473	0.75
MP:0005315	owl:equivalentClass	HP:0010626	0.75
MP:0000288	owl:equivalentClass	HP:0001697	0.75
MP:0005302	owl:equivalentClass	HP:0000011	0.75
MP:0030141	owl:equivalentClass	HP:0007209	0.75
MP:0009417	owl:equivalentClass	HP:0003202	0.75
MP:0030171	owl:equivalentClass	HP:0007886	0.75
MP:0030169	owl:equivalentClass	HP:0000215	0.75
MP:0030168	owl:equivalentClass	HP:0000219	0.75
MP:0030193	owl:equivalentClass	HP:0000322	0.75
MP:0030199	owl:equivalentClass	HP:0004411	0.75
MP:0005297	owl:equivalentClass	HP:0003298	0.75
MP:0003054	owl:equivalentClass	HP:0002414	0.75
MP:0005296	owl:equivalentClass	HP:0031095	0.75
MP:0005291	owl:equivalentClass	HP:0001952	0.75
MP:0005293	owl:equivalentClass	HP:0000833	0.75
MP:0005279	owl:equivalentClass	HP:0030050	0.75
MP:0005262	owl:equivalentClass	HP:0000589	0.75
MP:0005261	owl:equivalentClass	HP:0000526	0.75
MP:0005264	owl:equivalentClass	HP:0000096	0.75
MP:0005263	owl:equivalentClass	HP:0001083	0.75
MP:0005257	owl:equivalentClass	HP:0012632	0.75
MP:0005255	owl:equivalentClass	HP:0000577	0.75
MP:0005254	owl:equivalentClass	HP:0000486	0.75
MP:0005256	owl:equivalentClass	HP:0000565	0.75
MP:0003292	owl:equivalentClass	HP:0002249	0.75
MP:0000465	owl:equivalentClass	HP:0002239	0.75
MP:0003294	owl:equivalentClass	HP:0002576	0.75
MP:0003285	owl:equivalentClass	HP:0005207	0.75
MP:0003286	owl:equivalentClass	HP:0002020	0.75
MP:0003288	owl:equivalentClass	HP:0005225	0.75
MP:0003281	owl:equivalentClass	HP:0002607	0.75
MP:0003282	owl:equivalentClass	HP:0002592	0.75
MP:0003301	owl:equivalentClass	HP:0004398	0.75
MP:0003280	owl:equivalentClass	HP:0000020	0.75
MP:0006278	owl:equivalentClass	HP:0004942	0.75
MP:0003276	owl:equivalentClass	HP:0002032	0.75
MP:0003270	owl:equivalentClass	HP:0005214	0.75
MP:0003272	owl:equivalentClass	HP:0002247	0.75
MP:0003273	owl:equivalentClass	HP:0002588	0.75
MP:0003267	owl:equivalentClass	HP:0002019	0.75
MP:0003268	owl:equivalentClass	HP:0012450	0.75
MP:0003260	owl:equivalentClass	HP:0002013	0.75
MP:0003261	owl:equivalentClass	HP:0002248	0.75
MP:0003256	owl:equivalentClass	HP:0002613	0.75
MP:0003258	owl:equivalentClass	HP:0002036	0.75
MP:0003259	owl:equivalentClass	HP:0002018	0.75
MP:0003254	owl:equivalentClass	HP:0030151	0.75
MP:0003255	owl:equivalentClass	HP:0001408	0.75
MP:0003250	owl:equivalentClass	HP:0011467	0.75
MP:0003251	owl:equivalentClass	HP:0001082	0.75
MP:0003233	owl:equivalentClass	HP:0001657	0.75
MP:0003216	owl:equivalentClass	HP:0002121	0.75
MP:0003214	owl:equivalentClass	HP:0002185	0.75
MP:0003215	owl:equivalentClass	HP:0005576	0.75
MP:0003205	owl:equivalentClass	HP:0000029	0.75
MP:0002151	owl:equivalentClass	HP:0410043	0.75
MP:0003197	owl:equivalentClass	HP:0000121	0.75
MP:0003390	owl:equivalentClass	HP:0001004	0.75
MP:0003388	owl:equivalentClass	HP:0011629	0.75
MP:0003376	owl:equivalentClass	HP:0000141	0.75
MP:0003361	owl:equivalentClass	HP:0030338	0.75
MP:0002572	owl:equivalentClass	HP:0100851	0.75
MP:0000734	owl:equivalentClass	HP:0009004	0.75
MP:0003352	owl:equivalentClass	HP:0000848	0.75
MP:0003353	owl:equivalentClass	HP:0003351	0.75
MP:0003354	owl:equivalentClass	HP:0002446	0.75
MP:0002183	owl:equivalentClass	HP:0002171	0.75
MP:0003348	owl:equivalentClass	HP:0040075	0.75
MP:0003345	owl:equivalentClass	HP:0000921	0.75
MP:0003341	owl:equivalentClass	HP:0006280	0.75
MP:0003342	owl:equivalentClass	HP:0001747	0.75
MP:0003335	owl:equivalentClass	HP:0001738	0.75
MP:0003332	owl:equivalentClass	HP:0100523	0.75
MP:0003326	owl:equivalentClass	HP:0001399	0.75
MP:0003327	owl:equivalentClass	HP:0001407	0.75
MP:0003328	owl:equivalentClass	HP:0001409	0.75
MP:0000604	owl:equivalentClass	HP:0011034	0.75
MP:0003325	owl:equivalentClass	HP:0001410	0.75
MP:0003320	owl:equivalentClass	HP:0000143	0.75
MP:0003321	owl:equivalentClass	HP:0002575	0.75
MP:0003319	owl:equivalentClass	HP:0010447	0.75
MP:0003316	owl:equivalentClass	HP:0004871	0.75
MP:0003317	owl:equivalentClass	HP:0005218	0.75
MP:0003318	owl:equivalentClass	HP:0004792	0.75
MP:0003314	owl:equivalentClass	HP:0001310	0.75
MP:0003307	owl:equivalentClass	HP:0002021	0.75
MP:0003302	owl:equivalentClass	HP:0005224	0.75
MP:0003052	owl:equivalentClass	HP:0001539	0.75
MP:0003053	owl:equivalentClass	HP:0000684	0.75
MP:0003032	owl:equivalentClass	HP:0012417	0.75
MP:0003034	owl:equivalentClass	HP:0005317	0.75
MP:0003030	owl:equivalentClass	HP:0001941	0.75
MP:0003031	owl:equivalentClass	HP:0001941	0.75
MP:0003028	owl:equivalentClass	HP:0001948	0.75
MP:0003024	owl:equivalentClass	HP:0005145	0.75
MP:0004111	owl:equivalentClass	HP:0006704	0.75
MP:0002210	owl:equivalentClass	HP:0012244	0.75
MP:0003641	owl:equivalentClass	HP:0002089	0.75
MP:0005608	owl:equivalentClass	HP:0031329	0.75
MP:0005606	owl:equivalentClass	HP:0003010	0.75
MP:0003195	owl:equivalentClass	HP:0003761	0.75
MP:0003177	owl:equivalentClass	HP:0012533	0.75
MP:0003158	owl:equivalentClass	HP:0002015	0.75
MP:0010207	owl:equivalentClass	HP:0031412	0.75
MP:0003147	owl:equivalentClass	HP:0011375	0.75
MP:0003142	owl:equivalentClass	HP:0009892	0.75
MP:0003139	owl:equivalentClass	HP:0001643	0.75
MP:0003130	owl:equivalentClass	HP:0002023	0.75
MP:0003129	owl:equivalentClass	HP:0012621	0.75
MP:0003124	owl:equivalentClass	HP:0000047	0.75
MP:0002132	owl:equivalentClass	HP:0012252	0.75
MP:0003116	owl:equivalentClass	HP:0002748	0.75
MP:0002698	owl:equivalentClass	HP:0000591	0.75
MP:0003104	owl:equivalentClass	HP:0030716	0.75
MP:0003100	owl:equivalentClass	HP:0000545	0.75
MP:0003101	owl:equivalentClass	HP:0011003	0.75
MP:0003084	owl:equivalentClass	HP:0004303	0.75
MP:0003086	owl:equivalentClass	HP:0100565	0.75
MP:0003078	owl:equivalentClass	HP:0007707	0.75
MP:0002933	owl:equivalentClass	HP:0001369	0.75
MP:0001059	owl:equivalentClass	HP:0000648	0.75
MP:0002751	owl:equivalentClass	HP:0012331	0.75
MP:0003692	owl:equivalentClass	HP:0001114	0.75
MP:0003689	owl:equivalentClass	HP:0000602	0.75
MP:0003688	owl:equivalentClass	HP:0000597	0.75
MP:0000747	owl:equivalentClass	HP:0001324	0.75
MP:0003683	owl:equivalentClass	HP:0009748	0.75
MP:0003678	owl:equivalentClass	HP:0000387	0.75
MP:0003660	owl:equivalentClass	HP:0010310	0.75
MP:0010334	owl:equivalentClass	HP:0002202	0.75
MP:0003655	owl:equivalentClass	HP:0100801	0.75
MP:0003624	owl:equivalentClass	HP:0100519	0.75
MP:0003621	owl:equivalentClass	HP:0100518	0.75
MP:0003612	owl:equivalentClass	HP:0000048	0.75
MP:0003609	owl:equivalentClass	HP:0030276	0.75
MP:0003604	owl:equivalentClass	HP:0000122	0.75
MP:0013127	owl:equivalentClass	HP:0000421	0.75
MP:0013149	owl:equivalentClass	HP:0004099	0.75
MP:0013172	owl:equivalentClass	HP:0005268	0.75
MP:0001199	owl:equivalentClass	HP:0000963	0.75
MP:0004947	owl:equivalentClass	HP:0011123	0.75
MP:0001193	owl:equivalentClass	HP:0003765	0.75
MP:0001192	owl:equivalentClass	HP:0040189	0.75
MP:0001189	owl:equivalentClass	HP:0200098	0.75
MP:0001181	owl:equivalentClass	HP:0005944	0.75
MP:0001178	owl:equivalentClass	HP:0002089	0.75
MP:0001177	owl:equivalentClass	HP:0100750	0.75
MP:0002637	owl:equivalentClass	HP:0000013	0.75
MP:0004906	owl:equivalentClass	HP:0100878	0.75
MP:0003778	owl:equivalentClass	HP:0000214	0.75
MP:0004175	owl:equivalentClass	HP:0001009	0.75
MP:0003773	owl:equivalentClass	HP:0012472	0.75
MP:0003757	owl:equivalentClass	HP:0000218	0.75
MP:0003758	owl:equivalentClass	HP:0000189	0.75
MP:0003751	owl:equivalentClass	HP:0002745	0.75
MP:0003746	owl:equivalentClass	HP:0010280	0.75
MP:0003741	owl:equivalentClass	HP:0000360	0.75
MP:0000433	owl:equivalentClass	HP:0000252	0.75
MP:0003737	owl:equivalentClass	HP:0005103	0.75
MP:0003735	owl:equivalentClass	HP:0000378	0.75
MP:0009250	owl:equivalentClass	HP:0011844	0.75
MP:0002993	owl:equivalentClass	HP:0001369	0.75
MP:0003715	owl:equivalentClass	HP:0000358	0.75
MP:0003717	owl:equivalentClass	HP:0000980	0.75
MP:0003499	owl:equivalentClass	HP:0005990	0.75
MP:0003494	owl:equivalentClass	HP:0000860	0.75
MP:0003454	owl:equivalentClass	HP:0001019	0.75
MP:0009106	owl:equivalentClass	HP:0012094	0.75
MP:0003445	owl:equivalentClass	HP:0010497	0.75
MP:0003446	owl:equivalentClass	HP:0000089	0.75
MP:0003442	owl:equivalentClass	HP:0031794	0.75
MP:0006050	owl:equivalentClass	HP:0002206	0.75
MP:0003427	owl:equivalentClass	HP:0001036	0.75
MP:0003415	owl:equivalentClass	HP:0200023	0.75
MP:0003405	owl:equivalentClass	HP:0012524	0.75
MP:0003593	owl:equivalentClass	HP:0008716	0.75
MP:0003595	owl:equivalentClass	HP:0030424	0.75
MP:0003590	owl:equivalentClass	HP:0000076	0.75
MP:0000536	owl:equivalentClass	HP:0000072	0.75
MP:0003584	owl:equivalentClass	HP:0030037	0.75
MP:0003578	owl:equivalentClass	HP:0010463	0.75
MP:0003561	owl:equivalentClass	HP:0001370	0.75
MP:0003557	owl:equivalentClass	HP:0012873	0.75
MP:0003558	owl:equivalentClass	HP:0000151	0.75
MP:0003559	owl:equivalentClass	HP:0000136	0.75
MP:0003554	owl:equivalentClass	HP:0001741	0.75
MP:0003555	owl:equivalentClass	HP:0000041	0.75
MP:0004012	owl:equivalentClass	HP:0004890	0.75
MP:0000231	owl:equivalentClass	HP:0000822	0.75
MP:0003540	owl:equivalentClass	HP:0030011	0.75
MP:0003535	owl:equivalentClass	HP:0003250	0.75
MP:0003537	owl:equivalentClass	HP:0030010	0.75
MP:0003534	owl:equivalentClass	HP:0040314	0.75
MP:0003530	owl:equivalentClass	HP:0000060	0.75
MP:0003529	owl:equivalentClass	HP:0008665	0.75
MP:0003522	owl:equivalentClass	HP:0008683	0.75
MP:0003517	owl:equivalentClass	HP:0012882	0.75
MP:0003518	owl:equivalentClass	HP:0000059	0.75
MP:0003506	owl:equivalentClass	HP:0000845	0.75
MP:0000189	owl:equivalentClass	HP:0001943	0.75
MP:0000162	owl:equivalentClass	HP:0003307	0.75
MP:0000161	owl:equivalentClass	HP:0002650	0.75
MP:0000160	owl:equivalentClass	HP:0002808	0.75
MP:0000151	owl:equivalentClass	HP:0000921	0.75
MP:0000154	owl:equivalentClass	HP:0000902	0.75
MP:0004604	owl:equivalentClass	HP:0030277	0.75
MP:0002794	owl:equivalentClass	HP:0001142	0.75
MP:0002795	owl:equivalentClass	HP:0001644	0.75
MP:0002791	owl:equivalentClass	HP:0002570	0.75
MP:0002788	owl:equivalentClass	HP:0010458	0.75
MP:0002789	owl:equivalentClass	HP:0000037	0.75
MP:0000120	owl:equivalentClass	HP:0000689	0.75
MP:0000122	owl:equivalentClass	HP:0006288	0.75
MP:0000114	owl:equivalentClass	HP:0400001	0.75
MP:0002773	owl:equivalentClass	HP:0030344	0.75
MP:0000111	owl:equivalentClass	HP:0000175	0.75
MP:0000103	owl:equivalentClass	HP:0004646	0.75
MP:0000108	owl:equivalentClass	HP:0100629	0.75
MP:0008797	owl:equivalentClass	HP:0002006	0.75
MP:0002754	owl:equivalentClass	HP:0005133	0.75
MP:0002750	owl:equivalentClass	HP:0000520	0.75
MP:0012259	owl:equivalentClass	HP:0002435	0.75
MP:0012547	owl:equivalentClass	HP:0002475	0.75
MP:0002747	owl:equivalentClass	HP:0001646	0.75
MP:0002748	owl:equivalentClass	HP:0001641	0.75
MP:0002743	owl:equivalentClass	HP:0000099	0.75
MP:0002745	owl:equivalentClass	HP:0006705	0.75
MP:0002188	owl:equivalentClass	HP:0001961	0.75
MP:0002726	owl:equivalentClass	HP:0030968	0.75
MP:0002728	owl:equivalentClass	HP:0009556	0.75
MP:0002708	owl:equivalentClass	HP:0000787	0.75
MP:0002702	owl:equivalentClass	HP:0040299	0.75
MP:0000282	owl:equivalentClass	HP:0011994	0.75
MP:0000286	owl:equivalentClass	HP:0001633	0.75
MP:0000281	owl:equivalentClass	HP:0010438	0.75
MP:0000273	owl:equivalentClass	HP:0002623	0.75
MP:0000276	owl:equivalentClass	HP:0001667	0.75
MP:0002643	owl:equivalentClass	HP:0004447	0.75
MP:0002641	owl:equivalentClass	HP:0004823	0.75
MP:0000240	owl:equivalentClass	HP:0001978	0.75
MP:0000243	owl:equivalentClass	HP:0001336	0.75
MP:0002899	owl:equivalentClass	HP:0012378	0.75
MP:0012440	owl:equivalentClass	HP:0011991	0.75
MP:0002880	owl:equivalentClass	HP:0002179	0.75
MP:0012121	owl:equivalentClass	HP:0000647	0.75
MP:0002871	owl:equivalentClass	HP:0012592	0.75
MP:0002872	owl:equivalentClass	HP:0001901	0.75
MP:0012171	owl:equivalentClass	HP:0001562	0.75
MP:0002832	owl:equivalentClass	HP:0002208	0.75
MP:0002830	owl:equivalentClass	HP:0001081	0.75
MP:0012175	owl:equivalentClass	HP:0012368	0.75
MP:0002813	owl:equivalentClass	HP:0025066	0.75
MP:0002591	owl:equivalentClass	HP:0025066	0.75
MP:0002590	owl:equivalentClass	HP:0005518	0.75
MP:0002812	owl:equivalentClass	HP:0004444	0.75
MP:0002586	owl:equivalentClass	HP:0011876	0.75
MP:0002546	owl:equivalentClass	HP:0011499	0.75
MP:0002544	owl:equivalentClass	HP:0001156	0.75
MP:0012011	owl:equivalentClass	HP:0002373	0.75
MP:0002064	owl:equivalentClass	HP:0001250	0.75
MP:0012052	owl:equivalentClass	HP:0001276	0.75
MP:0012077	owl:equivalentClass	HP:0000465	0.75
MP:0012080	owl:equivalentClass	HP:0012281	0.75
MP:0012085	owl:equivalentClass	HP:0011800	0.75
MP:0004870	owl:equivalentClass	HP:0010650	0.75
MP:0000087	owl:equivalentClass	HP:0009939	0.75
MP:0000085	owl:equivalentClass	HP:0000260	0.75
MP:0004592	owl:equivalentClass	HP:0000347	0.75
MP:0002114	owl:equivalentClass	HP:0009121	0.75
MP:0000069	owl:equivalentClass	HP:0002751	0.75
MP:0000067	owl:equivalentClass	HP:0011002	0.75
MP:0000066	owl:equivalentClass	HP:0000939	0.75
MP:0000032	owl:equivalentClass	HP:0005102	0.75
MP:0002690	owl:equivalentClass	HP:0002304	0.75
MP:0000021	owl:equivalentClass	HP:0000411	0.75
MP:0002686	owl:equivalentClass	HP:0012205	0.75
MP:0002670	owl:equivalentClass	HP:0008707	0.75
MP:0002667	owl:equivalentClass	HP:0004319	0.75
MP:0002640	owl:equivalentClass	HP:0001923	0.75
MP:0002642	owl:equivalentClass	HP:0011273	0.75
MP:0002639	owl:equivalentClass	HP:0000347	0.75
MP:0002628	owl:equivalentClass	HP:0001397	0.75
MP:0002625	owl:equivalentClass	HP:0001712	0.75
MP:0002608	owl:equivalentClass	HP:0001899	0.75
MP:0012674	owl:equivalentClass	HP:0030175	0.75
MP:0010033	owl:equivalentClass	HP:0100588	0.75
MP:0000576	owl:equivalentClass	HP:0001762	0.75
MP:0000564	owl:equivalentClass	HP:0001159	0.75
MP:0010074	owl:equivalentClass	HP:0004446	0.75
MP:0000565	owl:equivalentClass	HP:0012165	0.75
MP:0000562	owl:equivalentClass	HP:0010442	0.75
MP:0000561	owl:equivalentClass	HP:0009776	0.75
MP:0000555	owl:equivalentClass	HP:0004231	0.75
MP:0000553	owl:equivalentClass	HP:0003974	0.75
MP:0000547	owl:equivalentClass	HP:0009826	0.75
MP:0000525	owl:equivalentClass	HP:0001947	0.75
MP:0000519	owl:equivalentClass	HP:0000126	0.75
MP:0012506	owl:equivalentClass	HP:0012444	0.75
MP:0012514	owl:equivalentClass	HP:0000767	0.75
MP:0012538	owl:equivalentClass	HP:0009922	0.75
MP:0012546	owl:equivalentClass	HP:0000325	0.75
MP:0012545	owl:equivalentClass	HP:0003396	0.75
MP:0012549	owl:equivalentClass	HP:0012418	0.75
MP:0002329	owl:equivalentClass	HP:0012415	0.75
MP:0012550	owl:equivalentClass	HP:0005972	0.75
MP:0012551	owl:equivalentClass	HP:0001942	0.75
MP:0012552	owl:equivalentClass	HP:0003128	0.75
MP:0000642	owl:equivalentClass	HP:0008221	0.75
MP:0009052	owl:equivalentClass	HP:0002025	0.75
MP:0009042	owl:equivalentClass	HP:0025246	0.75
MP:0000690	owl:equivalentClass	HP:0001746	0.75
MP:0009001	owl:equivalentClass	HP:0012386	0.75
MP:0000650	owl:equivalentClass	HP:0011599	0.75
MP:0000644	owl:equivalentClass	HP:0001651	0.75
MP:0000640	owl:equivalentClass	HP:0000835	0.75
MP:0000624	owl:equivalentClass	HP:0000217	0.75
MP:0000611	owl:equivalentClass	HP:0000952	0.75
MP:0012400	owl:equivalentClass	HP:0008404	0.75
MP:0000376	owl:equivalentClass	HP:0025084	0.75
MP:0000434	owl:equivalentClass	HP:0000256	0.75
MP:0002996	owl:equivalentClass	HP:0012861	0.75
MP:0000327	owl:equivalentClass	HP:0012543	0.75
MP:0000315	owl:equivalentClass	HP:0003641	0.75
MP:0000314	owl:equivalentClass	HP:0001981	0.75
MP:0002936	owl:equivalentClass	HP:0001386	0.75
MP:0002926	owl:equivalentClass	HP:0002251	0.75
MP:0002913	owl:equivalentClass	HP:0030191	0.75
MP:3000005	owl:equivalentClass	HP:3000066	0.75
MP:0012304	owl:equivalentClass	HP:0001196	0.75
MP:0000493	owl:equivalentClass	HP:0002035	0.75
MP:0012339	owl:equivalentClass	HP:0002153	0.75
MP:0012357	owl:equivalentClass	HP:0003645	0.75
MP:0000449	owl:equivalentClass	HP:0000431	0.75
MP:0012399	owl:equivalentClass	HP:0001799	0.75
MP:0000416	owl:equivalentClass	HP:0008070	0.75
MP:0010402	owl:equivalentClass	HP:0001629	0.75
MP:0010404	owl:equivalentClass	HP:0010445	0.75
MP:0010403	owl:equivalentClass	HP:0001631	0.75
MP:0010406	owl:equivalentClass	HP:0011565	0.75
MP:0010405	owl:equivalentClass	HP:0001684	0.75
MP:0010408	owl:equivalentClass	HP:0011567	0.75
MP:0010407	owl:equivalentClass	HP:0011643	0.75
MP:0010409	owl:equivalentClass	HP:0010774	0.75
MP:0010411	owl:equivalentClass	HP:0011566	0.75
MP:0010412	owl:equivalentClass	HP:0006695	0.75
MP:0010415	owl:equivalentClass	HP:0011576	0.75
MP:0010417	owl:equivalentClass	HP:0011681	0.75
MP:0010416	owl:equivalentClass	HP:0030958	0.75
MP:0010419	owl:equivalentClass	HP:0011622	0.75
MP:0010418	owl:equivalentClass	HP:0011682	0.75
MP:0010422	owl:equivalentClass	HP:0004762	0.75
MP:0010427	owl:equivalentClass	HP:0011581	0.75
MP:0010420	owl:equivalentClass	HP:0011623	0.75
MP:0010432	owl:equivalentClass	HP:0001750	0.75
MP:0010437	owl:equivalentClass	HP:0031783	0.75
MP:0010431	owl:equivalentClass	HP:0011538	0.75
MP:0010430	owl:equivalentClass	HP:0011719	0.75
MP:0010441	owl:equivalentClass	HP:0005160	0.75
MP:0010443	owl:equivalentClass	HP:0011720	0.75
MP:0010445	owl:equivalentClass	HP:0011722	0.75
MP:0010442	owl:equivalentClass	HP:0010773	0.75
MP:0010455	owl:equivalentClass	HP:0011604	0.75
MP:0010457	owl:equivalentClass	HP:0004415	0.75
MP:0010456	owl:equivalentClass	HP:0011660	0.75
MP:0010466	owl:equivalentClass	HP:0010775	0.75
MP:0010467	owl:equivalentClass	HP:0004961	0.75
MP:0010460	owl:equivalentClass	HP:0004971	0.75
MP:0010462	owl:equivalentClass	HP:0004937	0.75
MP:0010477	owl:equivalentClass	HP:0030882	0.75
MP:0010480	owl:equivalentClass	HP:0006548	0.75
MP:0006093	owl:equivalentClass	HP:0100026	0.75
MP:0010484	owl:equivalentClass	HP:0001647	0.75
MP:0010595	owl:equivalentClass	HP:0031567	0.75
MP:0010483	owl:equivalentClass	HP:0011645	0.75
MP:0010485	owl:equivalentClass	HP:0012304	0.75
MP:0009351	owl:equivalentClass	HP:0002213	0.75
MP:0008737	owl:equivalentClass	HP:0025409	0.75
MP:0000938	owl:equivalentClass	HP:0007373	0.75
MP:0000921	owl:equivalentClass	HP:0011096	0.75
MP:0010331	owl:equivalentClass	HP:0025201	0.75
MP:0010636	owl:equivalentClass	HP:0011710	0.75
MP:0009461	owl:equivalentClass	HP:0003712	0.75
MP:0009445	owl:equivalentClass	HP:0002749	0.75
MP:0002258	owl:equivalentClass	HP:3000038	0.75
MP:0009434	owl:equivalentClass	HP:0002385	0.75
MP:0002269	owl:equivalentClass	HP:0003202	0.75
MP:0000749	owl:equivalentClass	HP:0003202	0.75
MP:0009404	owl:equivalentClass	HP:0003687	0.75
MP:0010208	owl:equivalentClass	HP:0000303	0.75
MP:0010251	owl:equivalentClass	HP:0000523	0.75
MP:0009143	owl:equivalentClass	HP:0030992	0.75
MP:0000751	owl:equivalentClass	HP:0003198	0.75
MP:0000748	owl:equivalentClass	HP:0003323	0.75
MP:0000745	owl:equivalentClass	HP:0001337	0.75
MP:0000708	owl:equivalentClass	HP:0010516	0.75
MP:0000709	owl:equivalentClass	HP:0010516	0.75
MP:0000705	owl:equivalentClass	HP:0005359	0.75
MP:0000914	owl:equivalentClass	HP:0030769	0.75
MP:0012711	owl:equivalentClass	HP:0100562	0.75
MP:0012720	owl:equivalentClass	HP:0000472	0.75
MP:0012721	owl:equivalentClass	HP:0000470	0.75
MP:0010127	owl:equivalentClass	HP:0011105	0.75
MP:0010128	owl:equivalentClass	HP:0011106	0.75
MP:0010138	owl:equivalentClass	HP:0012089	0.75
MP:0010146	owl:equivalentClass	HP:0001537	0.75
MP:0010177	owl:equivalentClass	HP:0001927	0.75
MP:0009276	owl:equivalentClass	HP:0031364	0.75
MP:0009274	owl:equivalentClass	HP:0000557	0.75
MP:0010194	owl:equivalentClass	HP:0045006	0.75
MP:0009228	owl:equivalentClass	HP:0030160	0.75
MP:0009202	owl:equivalentClass	HP:0000050	0.75
MP:0000852	owl:equivalentClass	HP:0001321	0.75
MP:0000829	owl:equivalentClass	HP:0002198	0.75
MP:0000827	owl:equivalentClass	HP:0007082	0.75
MP:0020219	owl:equivalentClass	HP:0031731	0.75
MP:0020289	owl:equivalentClass	HP:0020037	0.75
MP:0009792	owl:equivalentClass	HP:0001051	0.75
MP:0009773	owl:equivalentClass	HP:0010728	0.75
MP:0009744	owl:equivalentClass	HP:0100259	0.75
MP:0009743	owl:equivalentClass	HP:0100258	0.75
MP:0009733	owl:equivalentClass	HP:0002561	0.75
MP:0010748	owl:equivalentClass	HP:0000649	0.75
MP:0009929	owl:equivalentClass	HP:0002475	0.75
MP:0004033	owl:equivalentClass	HP:0011069	0.75
MP:0009910	owl:equivalentClass	HP:0010297	0.75
MP:0009909	owl:equivalentClass	HP:0010297	0.75
MP:0009908	owl:equivalentClass	HP:0010808	0.75
MP:0002490	owl:equivalentClass	HP:0010701	0.75
MP:0020182	owl:equivalentClass	HP:0045081	0.75
MP:0009893	owl:equivalentClass	HP:0410003	0.75
MP:0009881	owl:equivalentClass	HP:0000154	0.75
MP:0009880	owl:equivalentClass	HP:0000160	0.75
MP:0010822	owl:equivalentClass	HP:0002107	0.75
MP:0009860	owl:equivalentClass	HP:0009741	0.75
MP:0009855	owl:equivalentClass	HP:0011800	0.75
MP:0010602	owl:equivalentClass	HP:0031566	0.75
MP:0009600	owl:equivalentClass	HP:0025114	0.75
MP:0010612	owl:equivalentClass	HP:0001691	0.75
MP:0010637	owl:equivalentClass	HP:0001688	0.75
MP:0002006	owl:equivalentClass	HP:0002664	0.75
MP:0010647	owl:equivalentClass	HP:0005156	0.75
MP:0010660	owl:equivalentClass	HP:0004959	0.75
MP:0020085	owl:equivalentClass	HP:0400004	0.75
MP:0020084	owl:equivalentClass	HP:0400005	0.75
MP:0009548	owl:equivalentClass	HP:0030402	0.75
MP:0009553	owl:equivalentClass	HP:0100788	0.75
MP:0009547	owl:equivalentClass	HP:0004445	0.75
MP:0009514	owl:equivalentClass	HP:0030187	0.75
MP:0004620	owl:equivalentClass	HP:0002949	0.75
MP:0010711	owl:equivalentClass	HP:0007968	0.75
MP:0010714	owl:equivalentClass	HP:0000612	0.75
MP:0010717	owl:equivalentClass	HP:0000588	0.75
MP:0010719	owl:equivalentClass	HP:0020006	0.75
MP:0009723	owl:equivalentClass	HP:0002558	0.75
MP:0009710	owl:equivalentClass	HP:0012154	0.75
MP:0004070	owl:equivalentClass	HP:0031595	0.75
MP:0010511	owl:equivalentClass	HP:0005165	0.75
MP:0010559	owl:equivalentClass	HP:0012722	0.75
MP:0010521	owl:equivalentClass	HP:0004960	0.75
MP:0010520	owl:equivalentClass	HP:0012723	0.75
MP:0010527	owl:equivalentClass	HP:0005182	0.75
MP:0010529	owl:equivalentClass	HP:0006574	0.75
MP:0010532	owl:equivalentClass	HP:0006681	0.75
MP:0010531	owl:equivalentClass	HP:0002629	0.75
MP:0010534	owl:equivalentClass	HP:0006690	0.75
MP:0010535	owl:equivalentClass	HP:0006693	0.75
MP:0010530	owl:equivalentClass	HP:0002408	0.75
MP:0004057	owl:equivalentClass	HP:0031196	0.75
MP:0010597	owl:equivalentClass	HP:0031569	0.75
MP:0010596	owl:equivalentClass	HP:0012561	0.75
MP:0009699	owl:equivalentClass	HP:0012238	0.75
MP:0009675	owl:equivalentClass	HP:0040162	0.75
MP:0009668	owl:equivalentClass	HP:0031456	0.75
MP:0008852	owl:equivalentClass	HP:0030666	0.75
MP:0009646	owl:equivalentClass	HP:0100577	0.75
MP:0006329	owl:equivalentClass	HP:0000407	0.75
MP:0006327	owl:equivalentClass	HP:0000410	0.75
MP:0006326	owl:equivalentClass	HP:0000405	0.75
MP:0008970	owl:equivalentClass	HP:0000453	0.75
MP:0008950	owl:equivalentClass	HP:0004756	0.75
MP:0008945	owl:equivalentClass	HP:0004857	0.75
MP:0008941	owl:equivalentClass	HP:0001896	0.75
MP:0008935	owl:equivalentClass	HP:0005537	0.75
MP:0008915	owl:equivalentClass	HP:0009702	0.75
MP:0008914	owl:equivalentClass	HP:0012081	0.75
MP:0006296	owl:equivalentClass	HP:0001166	0.75
MP:0006291	owl:equivalentClass	HP:0007268	0.75
MP:0006290	owl:equivalentClass	HP:0012806	0.75
MP:0006285	owl:equivalentClass	HP:0011372	0.75
MP:0006276	owl:equivalentClass	HP:0012332	0.75
MP:0006261	owl:equivalentClass	HP:0001734	0.75
MP:0006253	owl:equivalentClass	HP:0030084	0.75
MP:0006251	owl:equivalentClass	HP:0000658	0.75
MP:0006249	owl:equivalentClass	HP:0000667	0.75
MP:0006245	owl:equivalentClass	HP:0012019	0.75
MP:0006240	owl:equivalentClass	HP:0009916	0.75
MP:0006235	owl:equivalentClass	HP:0011500	0.75
MP:0006226	owl:equivalentClass	HP:0007676	0.75
MP:0006228	owl:equivalentClass	HP:0001089	0.75
MP:0006224	owl:equivalentClass	HP:0000657	0.75
MP:0006222	owl:equivalentClass	HP:0001138	0.75
MP:0006415	owl:equivalentClass	HP:0010469	0.75
MP:0008738	owl:equivalentClass	HP:0040134	0.75
MP:0008736	owl:equivalentClass	HP:0002983	0.75
MP:0008727	owl:equivalentClass	HP:0030718	0.75
MP:0008726	owl:equivalentClass	HP:0031295	0.75
MP:0008720	owl:equivalentClass	HP:0040238	0.75
MP:0006086	owl:equivalentClass	HP:0045082	0.75
MP:0006087	owl:equivalentClass	HP:0031418	0.75
MP:0006085	owl:equivalentClass	HP:0001700	0.75
MP:0006077	owl:equivalentClass	HP:0000023	0.75
MP:0006062	owl:equivalentClass	HP:0005345	0.75
MP:0006061	owl:equivalentClass	HP:0011536	0.75
MP:0006047	owl:equivalentClass	HP:0001659	0.75
MP:0006044	owl:equivalentClass	HP:0005180	0.75
MP:0006045	owl:equivalentClass	HP:0001653	0.75
MP:0006034	owl:equivalentClass	HP:0002913	0.75
MP:0006220	owl:equivalentClass	HP:0007807	0.75
MP:0006221	owl:equivalentClass	HP:0000609	0.75
MP:0006213	owl:equivalentClass	HP:0000586	0.75
MP:0008832	owl:equivalentClass	HP:0002937	0.75
MP:0008816	owl:equivalentClass	HP:0000967	0.75
MP:0008815	owl:equivalentClass	HP:0030855	0.75
MP:0008814	owl:equivalentClass	HP:0000762	0.75
MP:0008807	owl:equivalentClass	HP:0012465	0.75
MP:0006198	owl:equivalentClass	HP:0000490	0.75
MP:0006199	owl:equivalentClass	HP:0025586	0.75
MP:0006197	owl:equivalentClass	HP:0000601	0.75
MP:0006193	owl:equivalentClass	HP:0000524	0.75
MP:0006185	owl:equivalentClass	HP:0000573	0.75
MP:0006167	owl:equivalentClass	HP:0100540	0.75
MP:0006168	owl:equivalentClass	HP:0000537	0.75
MP:0006165	owl:equivalentClass	HP:0000621	0.75
MP:0006166	owl:equivalentClass	HP:0500043	0.75
MP:0006164	owl:equivalentClass	HP:0000656	0.75
MP:0006159	owl:equivalentClass	HP:0001107	0.75
MP:0006153	owl:equivalentClass	HP:0000540	0.75
MP:0006150	owl:equivalentClass	HP:0000651	0.75
MP:0006151	owl:equivalentClass	HP:0000483	0.75
MP:0006149	owl:equivalentClass	HP:0007663	0.75
MP:0006138	owl:equivalentClass	HP:0001635	0.75
MP:0006136	owl:equivalentClass	HP:0002619	0.75
MP:0008798	owl:equivalentClass	HP:0100731	0.75
MP:0006130	owl:equivalentClass	HP:0010882	0.75
MP:0006128	owl:equivalentClass	HP:0001642	0.75
MP:0006125	owl:equivalentClass	HP:0001704	0.75
MP:0006123	owl:equivalentClass	HP:0011662	0.75
MP:0008784	owl:equivalentClass	HP:0030770	0.75
MP:0006122	owl:equivalentClass	HP:0001718	0.75
MP:0006120	owl:equivalentClass	HP:0001634	0.75
MP:0006118	owl:equivalentClass	HP:0025578	0.75
MP:0006119	owl:equivalentClass	HP:0011560	0.75
MP:0006117	owl:equivalentClass	HP:0001650	0.75
MP:0006114	owl:equivalentClass	HP:0030148	0.75
MP:0006115	owl:equivalentClass	HP:0010883	0.75
MP:0006110	owl:equivalentClass	HP:0001663	0.75
MP:0004161	owl:equivalentClass	HP:0011588	0.75
MP:0004158	owl:equivalentClass	HP:0012020	0.75
MP:0004154	owl:equivalentClass	HP:0008682	0.75
MP:0004119	owl:equivalentClass	HP:0002900	0.75
MP:0004107	owl:equivalentClass	HP:0031278	0.75
MP:0004081	owl:equivalentClass	HP:0002453	0.75
MP:0004044	owl:equivalentClass	HP:0002647	0.75
MP:0004259	owl:equivalentClass	HP:0006266	0.75
MP:0004254	owl:equivalentClass	HP:0011970	0.75
MP:0004241	owl:equivalentClass	HP:0100792	0.75
MP:0004204	owl:equivalentClass	HP:0011456	0.75
MP:0004028	owl:equivalentClass	HP:0040012	0.75
MP:0004020	owl:equivalentClass	HP:0001561	0.75
MP:0004510	owl:equivalentClass	HP:0100614	0.75
MP:0004512	owl:equivalentClass	HP:0000458	0.75
MP:0014016	owl:equivalentClass	HP:0012518	0.75
MP:0014036	owl:equivalentClass	HP:0004401	0.75
MP:0014053	owl:equivalentClass	HP:0011359	0.75
MP:0014064	owl:equivalentClass	HP:0100317	0.75
MP:0014063	owl:equivalentClass	HP:0100318	0.75
MP:0014061	owl:equivalentClass	HP:0030779	0.75
MP:0014067	owl:equivalentClass	HP:0100316	0.75
MP:0014065	owl:equivalentClass	HP:0100315	0.75
MP:0014086	owl:equivalentClass	HP:0001028	0.75
MP:0004699	owl:equivalentClass	HP:0009900	0.75
MP:0004694	owl:equivalentClass	HP:0006443	0.75
MP:0004676	owl:equivalentClass	HP:0000885	0.75
MP:0004672	owl:equivalentClass	HP:0000773	0.75
MP:0004674	owl:equivalentClass	HP:0000883	0.75
MP:0004610	owl:equivalentClass	HP:0008479	0.75
MP:0004626	owl:equivalentClass	HP:0002953	0.75
MP:0004609	owl:equivalentClass	HP:0002948	0.75
MP:0004612	owl:equivalentClass	HP:0002948	0.75
MP:0004374	owl:equivalentClass	HP:0002986	0.75
MP:0004371	owl:equivalentClass	HP:0002980	0.75
MP:0004373	owl:equivalentClass	HP:0003865	0.75
MP:0004360	owl:equivalentClass	HP:0003982	0.75
MP:0004361	owl:equivalentClass	HP:0003031	0.75
MP:0004358	owl:equivalentClass	HP:0002982	0.75
MP:0004352	owl:equivalentClass	HP:0003862	0.75
MP:0004349	owl:equivalentClass	HP:0012744	0.75
MP:0004341	owl:equivalentClass	HP:0010317	0.75
MP:0004343	owl:equivalentClass	HP:0000882	0.75
MP:0004329	owl:equivalentClass	HP:0031000	0.75
MP:0004321	owl:equivalentClass	HP:0000879	0.75
MP:0004319	owl:equivalentClass	HP:0011455	0.75
MP:0004992	owl:equivalentClass	HP:0002797	0.75
MP:0002321	owl:equivalentClass	HP:0002791	0.75
MP:0002320	owl:equivalentClass	HP:0002883	0.75
MP:0002318	owl:equivalentClass	HP:0012416	0.75
MP:0002497	owl:equivalentClass	HP:0003212	0.75
MP:0002461	owl:equivalentClass	HP:0010702	0.75
MP:0002494	owl:equivalentClass	HP:0003496	0.75
MP:0002495	owl:equivalentClass	HP:0003261	0.75
MP:0002196	owl:equivalentClass	HP:0001274	0.75
MP:0002192	owl:equivalentClass	HP:0001789	0.75
MP:0004741	owl:equivalentClass	HP:0000410	0.75
MP:0004740	owl:equivalentClass	HP:0000407	0.75
MP:0004739	owl:equivalentClass	HP:0000405	0.75
MP:0002296	owl:equivalentClass	HP:0002835	0.75
MP:0002286	owl:equivalentClass	HP:0000028	0.75
MP:0004897	owl:equivalentClass	HP:0000362	0.75
MP:0004892	owl:equivalentClass	HP:0030686	0.75
MP:0004891	owl:equivalentClass	HP:0030684	0.75
MP:0004893	owl:equivalentClass	HP:0030685	0.75
MP:0002213	owl:equivalentClass	HP:0010459	0.75
MP:0004872	owl:equivalentClass	HP:0005273	0.75
MP:0004839	owl:equivalentClass	HP:0006560	0.75
MP:0014120	owl:equivalentClass	HP:0007359	0.75
MP:0014151	owl:equivalentClass	HP:0007732	0.75
MP:0014157	owl:equivalentClass	HP:0000522	0.75
MP:0014162	owl:equivalentClass	HP:0008163	0.75
MP:0014161	owl:equivalentClass	HP:0003118	0.75
MP:0010444	owl:equivalentClass	HP:0011721	0.2477875
MP:0002412	owl:equivalentClass	HP:0002718	0.2473675
MP:0001553	owl:equivalentClass	HP:0040300	0.24706
MP:0010621	owl:equivalentClass	HP:0031441	0.24706
MP:0010613	owl:equivalentClass	HP:0031478	0.246835
MP:0010867	owl:equivalentClass	HP:0100671	0.2463775
MP:0011656	owl:equivalentClass	HP:0031563	0.2459025
MP:0011658	owl:equivalentClass	HP:0011612	0.2459025
MP:0008466	owl:equivalentClass	HP:0025043	0.2459025
MP:0010253	owl:equivalentClass	HP:0007787	0.2459025
MP:0009707	owl:equivalentClass	HP:0000413	0.2459025
MP:0011629	owl:equivalentClass	HP:0040013	0.2457625
MP:0011628	owl:equivalentClass	HP:0040014	0.2457625
MP:0010252	owl:equivalentClass	HP:0010923	0.2457625
MP:0011479	owl:equivalentClass	HP:0012099	0.245615
MP:0003749	owl:equivalentClass	HP:0002714	0.245455
MP:0010257	owl:equivalentClass	HP:0010924	0.245455
MP:0001325	owl:equivalentClass	HP:0000479	0.2452825
MP:0011962	owl:equivalentClass	HP:0011487	0.2452825
MP:0005543	owl:equivalentClass	HP:0100689	0.2452825
MP:0003112	owl:equivalentClass	HP:0008208	0.2452825
MP:0010256	owl:equivalentClass	HP:0007795	0.2452825
MP:0000036	owl:equivalentClass	HP:0011381	0.2450975
MP:0010260	owl:equivalentClass	HP:0001115	0.2448975
MP:0004655	owl:equivalentClass	HP:0031176	0.2448975
MP:0013453	owl:equivalentClass	HP:0007734	0.24468
MP:0003113	owl:equivalentClass	HP:0000860	0.24468
MP:0010259	owl:equivalentClass	HP:0001134	0.24468
MP:0004719	owl:equivalentClass	HP:0011393	0.24468
MP:0005338	owl:equivalentClass	HP:0031678	0.244445
MP:0006230	owl:equivalentClass	HP:0007990	0.244445
MP:0004258	owl:equivalentClass	HP:0012767	0.244445
MP:0003997	owl:equivalentClass	HP:0002069	0.244185
MP:0004635	owl:equivalentClass	HP:0010743	0.244185
MP:0030520	owl:equivalentClass	HP:0200097	0.2439025
MP:0011801	owl:equivalentClass	HP:0000796	0.24359
MP:0012351	owl:equivalentClass	HP:0007705	0.24359
MP:0006367	owl:equivalentClass	HP:0011136	0.2432425
MP:0010063	owl:equivalentClass	HP:0012100	0.243055
MP:0008528	owl:equivalentClass	HP:0000113	0.2428575
MP:0003592	owl:equivalentClass	HP:0012227	0.2428575
MP:0002984	owl:equivalentClass	HP:0007770	0.2428575
MP:0010255	owl:equivalentClass	HP:0100019	0.2428575
MP:0010262	owl:equivalentClass	HP:0007971	0.2428575
MP:0002206	owl:equivalentClass	HP:0030191	0.2426475
MP:0030497	owl:equivalentClass	HP:0006336	0.242425
MP:0010254	owl:equivalentClass	HP:0100018	0.242425
MP:0010261	owl:equivalentClass	HP:0010695	0.242425
MP:0010883	owl:equivalentClass	HP:0002777	0.242425
MP:0004684	owl:equivalentClass	HP:0008419	0.2421875
MP:0008801	owl:equivalentClass	HP:0025034	0.241935
MP:0003591	owl:equivalentClass	HP:0000068	0.241935
MP:0010715	owl:equivalentClass	HP:0000480	0.241935
MP:0004339	owl:equivalentClass	HP:0006660	0.241935
MP:0012352	owl:equivalentClass	HP:0008020	0.2416675
MP:0000137	owl:equivalentClass	HP:0003468	0.24138
MP:0008389	owl:equivalentClass	HP:0004840	0.24138
MP:0001144	owl:equivalentClass	HP:0000148	0.24138
MP:0003536	owl:equivalentClass	HP:0031088	0.24138
MP:0010258	owl:equivalentClass	HP:0010696	0.24138
MP:0010263	owl:equivalentClass	HP:0010700	0.24138
MP:0002189	owl:equivalentClass	HP:0030681	0.2411775
MP:0010471	owl:equivalentClass	HP:0004381	0.2410725
MP:0005430	owl:equivalentClass	HP:0002990	0.24074
MP:0030392	owl:equivalentClass	HP:0001363	0.24074
MP:0020211	owl:equivalentClass	HP:0002067	0.24074
MP:0004340	owl:equivalentClass	HP:0000882	0.24074
MP:0030218	owl:equivalentClass	HP:0025011	0.240385
MP:0010631	owl:equivalentClass	HP:0025072	0.240385
MP:0002989	owl:equivalentClass	HP:0000089	0.24
MP:0002893	owl:equivalentClass	HP:0002919	0.24
MP:0009825	owl:equivalentClass	HP:0012804	0.24
MP:0006248	owl:equivalentClass	HP:0030001	0.24
MP:0013723	owl:equivalentClass	HP:0031506	0.239725
MP:0013724	owl:equivalentClass	HP:0031507	0.239725
MP:0009869	owl:equivalentClass	HP:0031784	0.2394375
MP:0013722	owl:equivalentClass	HP:0031505	0.2394375
MP:0030382	owl:equivalentClass	HP:0002689	0.23913
MP:0009203	owl:equivalentClass	HP:0000050	0.23913
MP:0012731	owl:equivalentClass	HP:3000062	0.2383725
MP:0011684	owl:equivalentClass	HP:0031561	0.2383725
MP:0013997	owl:equivalentClass	HP:3000062	0.238095
MP:0011937	owl:equivalentClass	HP:0005165	0.238095
MP:0011938	owl:equivalentClass	HP:0012248	0.238095
MP:0011953	owl:equivalentClass	HP:0012248	0.238095
MP:0011954	owl:equivalentClass	HP:0012232	0.238095
MP:0010507	owl:equivalentClass	HP:0005165	0.238095
MP:0000186	owl:equivalentClass	HP:0003146	0.237805
MP:0000183	owl:equivalentClass	HP:0003146	0.237805
MP:0010499	owl:equivalentClass	HP:0031316	0.237805
MP:0020573	owl:equivalentClass	HP:0007074	0.237705
MP:0008936	owl:equivalentClass	HP:0012504	0.237705
MP:0008500	owl:equivalentClass	HP:0003261	0.2375
MP:0011936	owl:equivalentClass	HP:0031593	0.2375
MP:0011918	owl:equivalentClass	HP:0031547	0.2375
MP:0003422	owl:equivalentClass	HP:0001977	0.2375
MP:0012539	owl:equivalentClass	HP:0030743	0.2375
MP:0010504	owl:equivalentClass	HP:0031593	0.2375
MP:0002620	owl:equivalentClass	HP:0012144	0.2372875
MP:0009531	owl:equivalentClass	HP:0011801	0.2372875
MP:0003035	owl:equivalentClass	HP:0005317	0.23718
MP:0002666	owl:equivalentClass	HP:0004319	0.23718
MP:0005193	owl:equivalentClass	HP:0004328	0.2368425
MP:0013236	owl:equivalentClass	HP:0008303	0.2368425
MP:0020386	owl:equivalentClass	HP:0012490	0.2368425
MP:0009115	owl:equivalentClass	HP:0100494	0.2368425
MP:0005205	owl:equivalentClass	HP:0000593	0.2368425
MP:0003774	owl:equivalentClass	HP:0012471	0.2368425
MP:0003587	owl:equivalentClass	HP:0006000	0.2368425
MP:0000457	owl:equivalentClass	HP:0000327	0.2368425
MP:0002411	owl:equivalentClass	HP:0002718	0.2368425
MP:0010716	owl:equivalentClass	HP:0000588	0.2368425
MP:0010525	owl:equivalentClass	HP:0004974	0.2368425
MP:0011578	owl:equivalentClass	HP:0031209	0.2364875
MP:0020485	owl:equivalentClass	HP:0025576	0.2364875
MP:0004645	owl:equivalentClass	HP:0030305	0.2363625
MP:0008036	owl:equivalentClass	HP:0002843	0.2363625
MP:0010671	owl:equivalentClass	HP:0002843	0.2363625
MP:0013469	owl:equivalentClass	HP:0011482	0.23611
MP:0003443	owl:equivalentClass	HP:0031794	0.23611
MP:0005068	owl:equivalentClass	HP:0002843	0.23585
MP:0000121	owl:equivalentClass	HP:0000706	0.23585
MP:0004643	owl:equivalentClass	HP:0030304	0.23585
MP:0006281	owl:equivalentClass	HP:0100797	0.23585
MP:0010059	owl:equivalentClass	HP:0040326	0.23585
MP:0009462	owl:equivalentClass	HP:0003712	0.23585
MP:0009184	owl:equivalentClass	HP:0002843	0.23585
MP:0005416	owl:equivalentClass	HP:0031300	0.235715
MP:0013841	owl:equivalentClass	HP:0100766	0.235715
MP:0011994	owl:equivalentClass	HP:0000762	0.235715
MP:0006361	owl:equivalentClass	HP:0012863	0.235715
MP:0004013	owl:equivalentClass	HP:0004890	0.235715
MP:0012601	owl:equivalentClass	HP:0045057	0.235715
MP:0014001	owl:equivalentClass	HP:0030321	0.235715
MP:0005345	owl:equivalentClass	HP:0031186	0.2356325
MP:0008040	owl:equivalentClass	HP:0005403	0.235295
MP:0001322	owl:equivalentClass	HP:0000525	0.235295
MP:0005108	owl:equivalentClass	HP:0040071	0.235295
MP:0000579	owl:equivalentClass	HP:0008388	0.235295
MP:0000081	owl:equivalentClass	HP:0001363	0.235295
MP:0005548	owl:equivalentClass	HP:0007722	0.235295
MP:0005321	owl:equivalentClass	HP:0040206	0.235295
MP:0005320	owl:equivalentClass	HP:0040210	0.235295
MP:0003775	owl:equivalentClass	HP:0000233	0.235295
MP:0012600	owl:equivalentClass	HP:0045056	0.235295
MP:0014150	owl:equivalentClass	HP:0007732	0.235295
MP:0001919	owl:equivalentClass	HP:0012874	0.23494
MP:0001145	owl:equivalentClass	HP:0012243	0.23494
MP:0030519	owl:equivalentClass	HP:3000002	0.23494
MP:0005146	owl:equivalentClass	HP:0003146	0.23494
MP:0004110	owl:equivalentClass	HP:0001669	0.2348475
MP:0009078	owl:equivalentClass	HP:0000835	0.234695
MP:0000441	owl:equivalentClass	HP:0002682	0.234695
MP:0010470	owl:equivalentClass	HP:0004970	0.234695
MP:0010661	owl:equivalentClass	HP:0004970	0.234695
MP:0010603	owl:equivalentClass	HP:0005182	0.234695
MP:0010659	owl:equivalentClass	HP:0005112	0.234695
MP:0009259	owl:equivalentClass	HP:0030999	0.2345675
MP:0012773	owl:equivalentClass	HP:0030335	0.2344825
MP:0004046	owl:equivalentClass	HP:0031515	0.234375
MP:0008041	owl:equivalentClass	HP:0040219	0.234375
MP:0003588	owl:equivalentClass	HP:0000071	0.234375
MP:0014066	owl:equivalentClass	HP:0100320	0.234375
MP:0010488	owl:equivalentClass	HP:0031251	0.2341775
MP:0010089	owl:equivalentClass	HP:0012100	0.2341775
MP:0001932	owl:equivalentClass	HP:0008669	0.2340425
MP:0030198	owl:equivalentClass	HP:0005104	0.2340425
MP:0009092	owl:equivalentClass	HP:0040298	0.2340425
MP:0010648	owl:equivalentClass	HP:0031294	0.2340425
MP:0010658	owl:equivalentClass	HP:0012727	0.2340425
MP:0008802	owl:equivalentClass	HP:0030935	0.2340425
MP:0030531	owl:equivalentClass	HP:3000043	0.23387
MP:0010486	owl:equivalentClass	HP:0031014	0.23387
MP:0010547	owl:equivalentClass	HP:0004306	0.23387
MP:0006141	owl:equivalentClass	HP:0005150	0.233765
MP:0001912	owl:equivalentClass	HP:0002922	0.233765
MP:0008108	owl:equivalentClass	HP:0011472	0.233695
MP:0001119	owl:equivalentClass	HP:0030012	0.233695
MP:0011615	owl:equivalentClass	HP:0000176	0.2333325
MP:0005294	owl:equivalentClass	HP:0001711	0.2333325
MP:0009906	owl:equivalentClass	HP:0000158	0.2333325
MP:0011919	owl:equivalentClass	HP:0031595	0.2333325
MP:0011920	owl:equivalentClass	HP:0031595	0.2333325
MP:0030004	owl:equivalentClass	HP:0025517	0.2333325
MP:0001044	owl:equivalentClass	HP:0025028	0.2333325
MP:0003772	owl:equivalentClass	HP:0100267	0.2333325
MP:0000851	owl:equivalentClass	HP:0001321	0.2333325
MP:0009907	owl:equivalentClass	HP:0000171	0.2333325
MP:0010622	owl:equivalentClass	HP:0001702	0.2333325
MP:0010515	owl:equivalentClass	HP:0031595	0.2333325
MP:0010505	owl:equivalentClass	HP:0005135	0.2333325
MP:0006186	owl:equivalentClass	HP:0030760	0.2333325
MP:0001544	owl:equivalentClass	HP:0011025	0.232955
MP:0002127	owl:equivalentClass	HP:0030680	0.232955
MP:0003366	owl:equivalentClass	HP:0012111	0.232955
MP:0009411	owl:equivalentClass	HP:0004303	0.232955
MP:0013257	owl:equivalentClass	HP:0031507	0.2328775
MP:0013256	owl:equivalentClass	HP:0031506	0.2328775
MP:0009517	owl:equivalentClass	HP:0010286	0.2328775
MP:0008277	owl:equivalentClass	HP:0011863	0.2327575
MP:0030201	owl:equivalentClass	HP:0005273	0.2327575
MP:0004777	owl:equivalentClass	HP:0040176	0.2327575
MP:0004018	owl:equivalentClass	HP:0011014	0.2327575
MP:0008556	owl:equivalentClass	HP:0011118	0.2325575
MP:0002139	owl:equivalentClass	HP:0025155	0.2325575
MP:0002723	owl:equivalentClass	HP:0011111	0.2325575
MP:0003654	owl:equivalentClass	HP:0004646	0.2325575
MP:0003768	owl:equivalentClass	HP:0002707	0.2325575
MP:0000277	owl:equivalentClass	HP:0001627	0.2325575
MP:0010592	owl:equivalentClass	HP:0010438	0.2325575
MP:0013255	owl:equivalentClass	HP:0031505	0.232395
MP:0013284	owl:equivalentClass	HP:0012212	0.232395
MP:0013614	owl:equivalentClass	HP:0009132	0.232395
MP:0014200	owl:equivalentClass	HP:0012253	0.2321425
MP:0013657	owl:equivalentClass	HP:0002846	0.2321425
MP:0008166	owl:equivalentClass	HP:0002846	0.2321425
MP:0004940	owl:equivalentClass	HP:0002846	0.2321425
MP:0003340	owl:equivalentClass	HP:0001735	0.2321425
MP:0012510	owl:equivalentClass	HP:0001679	0.2321425
MP:0000866	owl:equivalentClass	HP:0001320	0.2321425
MP:0010820	owl:equivalentClass	HP:0031630	0.2321425
MP:0011319	owl:equivalentClass	HP:0008776	0.231885
MP:0004665	owl:equivalentClass	HP:0031640	0.231885
MP:0020447	owl:equivalentClass	HP:0003206	0.231885
MP:0010614	owl:equivalentClass	HP:0001633	0.231885
MP:0001854	owl:equivalentClass	HP:0006689	0.2317075
MP:0010490	owl:equivalentClass	HP:0025576	0.2317075
MP:0011583	owl:equivalentClass	HP:0004379	0.2317075
MP:0010147	owl:equivalentClass	HP:0012093	0.2317075
MP:0004509	owl:equivalentClass	HP:0002644	0.2317075
MP:0000460	owl:equivalentClass	HP:0000347	0.2317075
MP:0010606	owl:equivalentClass	HP:0031566	0.2317075
MP:0006254	owl:equivalentClass	HP:0006891	0.2317075
MP:0003755	owl:equivalentClass	HP:0011875	0.2314825
MP:0008159	owl:equivalentClass	HP:0012107	0.2314825
MP:0008153	owl:equivalentClass	HP:0031107	0.2314825
MP:0006306	owl:equivalentClass	HP:0005105	0.2314825
MP:0030115	owl:equivalentClass	HP:0005105	0.2314825
MP:0030180	owl:equivalentClass	HP:0005105	0.2314825
MP:0012235	owl:equivalentClass	HP:0410042	0.2314825
MP:0003727	owl:equivalentClass	HP:0000630	0.2313425
MP:0010453	owl:equivalentClass	HP:0011642	0.2313425
MP:0011039	owl:equivalentClass	HP:0007670	0.2313425
MP:0010148	owl:equivalentClass	HP:0012092	0.23125
MP:0000511	owl:equivalentClass	HP:0025090	0.23125
MP:0010440	owl:equivalentClass	HP:0005160	0.23125
MP:0010487	owl:equivalentClass	HP:0031251	0.23125
MP:0002905	owl:equivalentClass	HP:0003165	0.2311825
MP:0003507	owl:equivalentClass	HP:0031066	0.23077
MP:0001126	owl:equivalentClass	HP:0031065	0.23077
MP:0001663	owl:equivalentClass	HP:0025032	0.23077
MP:0003982	owl:equivalentClass	HP:0003141	0.23077
MP:0005325	owl:equivalentClass	HP:0000095	0.23077
MP:0013803	owl:equivalentClass	HP:0003261	0.23077
MP:0001923	owl:equivalentClass	HP:0000868	0.23077
MP:0008502	owl:equivalentClass	HP:0003261	0.23077
MP:0008499	owl:equivalentClass	HP:0003261	0.23077
MP:0008990	owl:equivalentClass	HP:0025461	0.23077
MP:0008217	owl:equivalentClass	HP:0410035	0.23077
MP:0011926	owl:equivalentClass	HP:0031652	0.23077
MP:0009111	owl:equivalentClass	HP:0002594	0.23077
MP:0005527	owl:equivalentClass	HP:0012214	0.23077
MP:0005528	owl:equivalentClass	HP:0012213	0.23077
MP:0000462	owl:equivalentClass	HP:0025033	0.23077
MP:0005292	owl:equivalentClass	HP:0000833	0.23077
MP:0003073	owl:equivalentClass	HP:0005916	0.23077
MP:0012258	owl:equivalentClass	HP:0005326	0.23077
MP:0012146	owl:equivalentClass	HP:0025072	0.23077
MP:0012145	owl:equivalentClass	HP:0025072	0.23077
MP:0009101	owl:equivalentClass	HP:0000060	0.23077
MP:0010906	owl:equivalentClass	HP:0002088	0.23077
MP:0010528	owl:equivalentClass	HP:0005304	0.23077
MP:0008743	owl:equivalentClass	HP:0012465	0.23077
MP:0003920	owl:equivalentClass	HP:0001707	0.2302625
MP:0000759	owl:equivalentClass	HP:0004303	0.2302625
MP:0002133	owl:equivalentClass	HP:0012252	0.2302625
MP:0011729	owl:equivalentClass	HP:0012689	0.2302625
MP:0002847	owl:equivalentClass	HP:0012212	0.2302625
MP:0009398	owl:equivalentClass	HP:0012084	0.2302625
MP:0014160	owl:equivalentClass	HP:0011731	0.2302625
MP:0003105	owl:equivalentClass	HP:0025579	0.2301575
MP:0001071	owl:equivalentClass	HP:3000043	0.2301575
MP:0003492	owl:equivalentClass	HP:0012547	0.2301575
MP:0000141	owl:equivalentClass	HP:0003468	0.2301575
MP:0004599	owl:equivalentClass	HP:0003468	0.2301575
MP:0030166	owl:equivalentClass	HP:0000506	0.2301575
MP:0005657	owl:equivalentClass	HP:0410043	0.2301575
MP:0001749	owl:equivalentClass	HP:0008232	0.2300875
MP:0002725	owl:equivalentClass	HP:0002624	0.23
MP:0011229	owl:equivalentClass	HP:0040126	0.23
MP:0011228	owl:equivalentClass	HP:0040126	0.23
MP:0011231	owl:equivalentClass	HP:0040126	0.23
MP:0001963	owl:equivalentClass	HP:0031704	0.23
MP:0001905	owl:equivalentClass	HP:0012654	0.23
MP:0005014	owl:equivalentClass	HP:0005404	0.23
MP:0020220	owl:equivalentClass	HP:0031731	0.23
MP:0004993	owl:equivalentClass	HP:0002797	0.23
MP:0013534	owl:equivalentClass	HP:0010286	0.22973
MP:0013535	owl:equivalentClass	HP:0010286	0.22973
MP:0003633	owl:equivalentClass	HP:0012638	0.22973
MP:0005418	owl:equivalentClass	HP:0003117	0.22973
MP:0013395	owl:equivalentClass	HP:0430009	0.22973
MP:0002970	owl:equivalentClass	HP:0009124	0.22973
MP:0002971	owl:equivalentClass	HP:0009124	0.22973
MP:0000778	owl:equivalentClass	HP:0012639	0.22973
MP:0005185	owl:equivalentClass	HP:0008233	0.22973
MP:0005186	owl:equivalentClass	HP:0031216	0.22973
MP:0009944	owl:equivalentClass	HP:0025057	0.22973
MP:0003387	owl:equivalentClass	HP:0001680	0.22973
MP:0001046	owl:equivalentClass	HP:0025029	0.22973
MP:0003611	owl:equivalentClass	HP:0000046	0.22973
MP:0003791	owl:equivalentClass	HP:0010286	0.22973
MP:0003792	owl:equivalentClass	HP:0010286	0.22973
MP:0010491	owl:equivalentClass	HP:0011642	0.22973
MP:0006229	owl:equivalentClass	HP:0001101	0.22973
MP:0014005	owl:equivalentClass	HP:0031772	0.2295925
MP:0003850	owl:equivalentClass	HP:0410035	0.2295075
MP:0020334	owl:equivalentClass	HP:0004311	0.2295075
MP:0005491	owl:equivalentClass	HP:0004510	0.2295075
MP:0003057	owl:equivalentClass	HP:0004306	0.2295075
MP:0008469	owl:equivalentClass	HP:0025456	0.2291675
MP:0006387	owl:equivalentClass	HP:0011839	0.2291675
MP:0000609	owl:equivalentClass	HP:0031704	0.2291675
MP:0001790	owl:equivalentClass	HP:0010978	0.2291675
MP:0005018	owl:equivalentClass	HP:0005403	0.2291675
MP:0005015	owl:equivalentClass	HP:0100828	0.2291675
MP:0005400	owl:equivalentClass	HP:0040126	0.2291675
MP:0002458	owl:equivalentClass	HP:0010975	0.2291675
MP:0011657	owl:equivalentClass	HP:0031560	0.2291675
MP:0005667	owl:equivalentClass	HP:0004361	0.2291675
MP:0006219	owl:equivalentClass	HP:0000648	0.2291675
MP:0008788	owl:equivalentClass	HP:0031331	0.2291675
MP:0014013	owl:equivalentClass	HP:0009145	0.2291675
MP:0004869	owl:equivalentClass	HP:0005466	0.2291675
MP:0004114	owl:equivalentClass	HP:0006705	0.228915
MP:0009542	owl:equivalentClass	HP:0002731	0.2288125
MP:0009541	owl:equivalentClass	HP:0030887	0.2288125
MP:0006158	owl:equivalentClass	HP:0000511	0.2288125
MP:0008969	owl:equivalentClass	HP:0011481	0.2285725
MP:0003922	owl:equivalentClass	HP:0025580	0.2285725
MP:0000828	owl:equivalentClass	HP:0001711	0.2285725
MP:0000489	owl:equivalentClass	HP:0012700	0.2285725
MP:0011318	owl:equivalentClass	HP:0008776	0.2285725
MP:0008523	owl:equivalentClass	HP:0002849	0.2285725
MP:0011978	owl:equivalentClass	HP:0011042	0.2285725
MP:0009770	owl:equivalentClass	HP:0025163	0.2285725
MP:0005346	owl:equivalentClass	HP:0040085	0.2285725
MP:0001121	owl:equivalentClass	HP:0000013	0.2285725
MP:0012602	owl:equivalentClass	HP:0006254	0.2285725
MP:0000694	owl:equivalentClass	HP:0006270	0.2285725
MP:0000486	owl:equivalentClass	HP:0011615	0.2285725
MP:0009904	owl:equivalentClass	HP:0000171	0.2285725
MP:0006001	owl:equivalentClass	HP:0030896	0.2285725
MP:0006187	owl:equivalentClass	HP:0031528	0.2285725
MP:0004356	owl:equivalentClass	HP:0002984	0.2285725
MP:0011640	owl:equivalentClass	HP:0011862	0.228395
MP:0004097	owl:equivalentClass	HP:0031422	0.228395
MP:0008844	owl:equivalentClass	HP:0003758	0.228395
MP:0013529	owl:equivalentClass	HP:0002558	0.22826
MP:0001324	owl:equivalentClass	HP:0001000	0.22826
MP:0001862	owl:equivalentClass	HP:0006515	0.22826
MP:0000015	owl:equivalentClass	HP:0001000	0.22826
MP:0030386	owl:equivalentClass	HP:0002692	0.22826
MP:0030426	owl:equivalentClass	HP:0008962	0.22826
MP:0005607	owl:equivalentClass	HP:0003010	0.22826
MP:0010394	owl:equivalentClass	HP:0000654	0.22826
MP:0000789	owl:equivalentClass	HP:0006891	0.22826
MP:0004843	owl:equivalentClass	HP:0002843	0.22807
MP:0011381	owl:equivalentClass	HP:0012210	0.22807
MP:0003743	owl:equivalentClass	HP:3000043	0.22807
MP:0008165	owl:equivalentClass	HP:0002846	0.22807
MP:0008164	owl:equivalentClass	HP:0002846	0.22807
MP:0005438	owl:equivalentClass	HP:0011014	0.22807
MP:0009258	owl:equivalentClass	HP:0030886	0.22807
MP:0005310	owl:equivalentClass	HP:0010286	0.22794
MP:0001348	owl:equivalentClass	HP:0011482	0.22794
MP:0010680	owl:equivalentClass	HP:0025276	0.22794
MP:0003923	owl:equivalentClass	HP:0025579	0.22794
MP:0011040	owl:equivalentClass	HP:0007670	0.22794
MP:0011612	owl:equivalentClass	HP:0000848	0.22794
MP:0011613	owl:equivalentClass	HP:0003351	0.22794
MP:0005666	owl:equivalentClass	HP:0009124	0.22794
MP:0020362	owl:equivalentClass	HP:0012863	0.22794
MP:0003349	owl:equivalentClass	HP:0031300	0.22794
MP:0004733	owl:equivalentClass	HP:0031278	0.22794
MP:0010678	owl:equivalentClass	HP:0011138	0.22794
MP:0012537	owl:equivalentClass	HP:0005344	0.22794
MP:0004116	owl:equivalentClass	HP:0005150	0.2278475
MP:0003948	owl:equivalentClass	HP:0012337	0.2272725
MP:0001765	owl:equivalentClass	HP:0012337	0.2272725
MP:0004231	owl:equivalentClass	HP:0004363	0.2272725
MP:0013242	owl:equivalentClass	HP:0004337	0.2272725
MP:0011323	owl:equivalentClass	HP:0012210	0.2272725
MP:0001869	owl:equivalentClass	HP:0001733	0.2272725
MP:0005174	owl:equivalentClass	HP:0007703	0.2272725
MP:0013617	owl:equivalentClass	HP:0011001	0.2272725
MP:0013618	owl:equivalentClass	HP:0004349	0.2272725
MP:0002058	owl:equivalentClass	HP:0003811	0.2272725
MP:0008568	owl:equivalentClass	HP:0011117	0.2272725
MP:0011499	owl:equivalentClass	HP:0031264	0.2272725
MP:0011572	owl:equivalentClass	HP:0001679	0.2272725
MP:0011849	owl:equivalentClass	HP:0003103	0.2272725
MP:0008301	owl:equivalentClass	HP:0008239	0.2272725
MP:0005271	owl:equivalentClass	HP:0003103	0.2272725
MP:0030065	owl:equivalentClass	HP:0000274	0.2272725
MP:0020525	owl:equivalentClass	HP:0012693	0.2272725
MP:0005065	owl:equivalentClass	HP:0011992	0.2272725
MP:0020487	owl:equivalentClass	HP:0009145	0.2272725
MP:0009866	owl:equivalentClass	HP:0001679	0.2272725
MP:0012515	owl:equivalentClass	HP:0001627	0.2272725
MP:0020397	owl:equivalentClass	HP:0012143	0.2272725
MP:0030544	owl:equivalentClass	HP:0100797	0.2272725
MP:0030463	owl:equivalentClass	HP:0030758	0.2272725
MP:0005353	owl:equivalentClass	HP:0011875	0.2272725
MP:0005329	owl:equivalentClass	HP:0001637	0.2272725
MP:0004624	owl:equivalentClass	HP:0031278	0.2272725
MP:0003742	owl:equivalentClass	HP:0004283	0.2272725
MP:0000102	owl:equivalentClass	HP:0005105	0.2272725
MP:0000270	owl:equivalentClass	HP:0001627	0.2272725
MP:0010040	owl:equivalentClass	HP:0002843	0.2272725
MP:0010329	owl:equivalentClass	HP:0025201	0.2272725
MP:0009230	owl:equivalentClass	HP:0012864	0.2272725
MP:0009206	owl:equivalentClass	HP:0008702	0.2272725
MP:0009204	owl:equivalentClass	HP:0000042	0.2272725
MP:0010752	owl:equivalentClass	HP:0031603	0.2272725
MP:0010611	owl:equivalentClass	HP:0005134	0.2272725
MP:0010541	owl:equivalentClass	HP:0025495	0.2272725
MP:0002463	owl:equivalentClass	HP:0011990	0.2272725
MP:0004152	owl:equivalentClass	HP:0025132	0.2272725
MP:0013428	owl:equivalentClass	HP:0030335	0.2269725
MP:0004131	owl:equivalentClass	HP:0005938	0.226745
MP:0008933	owl:equivalentClass	HP:0012261	0.226745
MP:0000819	owl:equivalentClass	HP:0040327	0.2266675
MP:0004731	owl:equivalentClass	HP:0000837	0.2266675
MP:0004732	owl:equivalentClass	HP:0030339	0.2266675
MP:0013561	owl:equivalentClass	HP:0031072	0.2265625
MP:0013560	owl:equivalentClass	HP:0031071	0.2265625
MP:0010155	owl:equivalentClass	HP:0012700	0.2265625
MP:0000467	owl:equivalentClass	HP:0002031	0.2265625
MP:0000496	owl:equivalentClass	HP:0002242	0.2265625
MP:0004194	owl:equivalentClass	HP:0040163	0.2265625
MP:0005277	owl:equivalentClass	HP:0002363	0.2265625
MP:0011233	owl:equivalentClass	HP:0008372	0.2265625
MP:0010119	owl:equivalentClass	HP:0004348	0.2265625
MP:0003723	owl:equivalentClass	HP:0011314	0.2265625
MP:0011977	owl:equivalentClass	HP:0010931	0.2265625
MP:0002115	owl:equivalentClass	HP:0002813	0.2265625
MP:0008555	owl:equivalentClass	HP:0011116	0.2265625
MP:0008380	owl:equivalentClass	HP:0003103	0.2265625
MP:0005565	owl:equivalentClass	HP:0003138	0.2265625
MP:0030423	owl:equivalentClass	HP:0002763	0.2265625
MP:0000783	owl:equivalentClass	HP:0100547	0.2265625
MP:0000841	owl:equivalentClass	HP:0011282	0.2265625
MP:0000554	owl:equivalentClass	HP:0003103	0.2265625
MP:0010094	owl:equivalentClass	HP:0003220	0.2265625
MP:0010497	owl:equivalentClass	HP:0005345	0.2265625
MP:0014078	owl:equivalentClass	HP:0011473	0.2265625
MP:0004783	owl:equivalentClass	HP:3000043	0.2265625
MP:0010975	owl:equivalentClass	HP:0002088	0.226415
MP:0000045	owl:equivalentClass	HP:0025461	0.226415
MP:0009840	owl:equivalentClass	HP:0025461	0.226415
MP:0020437	owl:equivalentClass	HP:0012433	0.226415
MP:0030529	owl:equivalentClass	HP:0011121	0.226415
MP:0030528	owl:equivalentClass	HP:0011121	0.226415
MP:0012441	owl:equivalentClass	HP:0012310	0.226415
MP:0000569	owl:equivalentClass	HP:0008034	0.226415
MP:0009569	owl:equivalentClass	HP:0002088	0.226415
MP:0009384	owl:equivalentClass	HP:0001659	0.226415
MP:0004227	owl:equivalentClass	HP:0011133	0.226315
MP:0009110	owl:equivalentClass	HP:0006277	0.22619
MP:0000228	owl:equivalentClass	HP:0001977	0.22619
MP:0010506	owl:equivalentClass	HP:0012248	0.22619
MP:0006052	owl:equivalentClass	HP:0011695	0.22619
MP:0006160	owl:equivalentClass	HP:0001100	0.22619
MP:0004670	owl:equivalentClass	HP:0008479	0.22619
MP:0011635	owl:equivalentClass	HP:0008322	0.2260275
MP:0011637	owl:equivalentClass	HP:0008322	0.2260275
MP:0002270	owl:equivalentClass	HP:0001641	0.2260275
MP:0004166	owl:equivalentClass	HP:0007343	0.2260275
MP:0005508	owl:equivalentClass	HP:0009121	0.2258075
MP:0001944	owl:equivalentClass	HP:0012090	0.2258075
MP:0001221	owl:equivalentClass	HP:0004334	0.2258075
MP:0004896	owl:equivalentClass	HP:0004306	0.2258075
MP:0002693	owl:equivalentClass	HP:0012091	0.2258075
MP:0008171	owl:equivalentClass	HP:0100494	0.2258075
MP:0003656	owl:equivalentClass	HP:0001877	0.2258075
MP:0011538	owl:equivalentClass	HP:0012029	0.2258075
MP:0008204	owl:equivalentClass	HP:0005365	0.2258075
MP:0008203	owl:equivalentClass	HP:0005365	0.2258075
MP:0000832	owl:equivalentClass	HP:0010663	0.2258075
MP:0000897	owl:equivalentClass	HP:0002418	0.2258075
MP:0003720	owl:equivalentClass	HP:0045005	0.2258075
MP:0002904	owl:equivalentClass	HP:0003165	0.2258075
MP:0010434	owl:equivalentClass	HP:0011556	0.2258075
MP:0009103	owl:equivalentClass	HP:0040163	0.2258075
MP:0008722	owl:equivalentClass	HP:0011115	0.2258075
MP:0004146	owl:equivalentClass	HP:0010489	0.2258075
MP:0011643	owl:equivalentClass	HP:0011862	0.22561
MP:0003677	owl:equivalentClass	HP:0031703	0.22549
MP:0004201	owl:equivalentClass	HP:0001511	0.22549
MP:0005560	owl:equivalentClass	HP:0031794	0.2253525
MP:0000823	owl:equivalentClass	HP:0001711	0.2253525
MP:0010911	owl:equivalentClass	HP:0011615	0.2253525
MP:0008272	owl:equivalentClass	HP:0003336	0.2253525
MP:0005554	owl:equivalentClass	HP:0003351	0.2253525
MP:0005553	owl:equivalentClass	HP:0000848	0.2253525
MP:0005215	owl:equivalentClass	HP:0030992	0.2253525
MP:0005183	owl:equivalentClass	HP:0025132	0.2253525
MP:0005662	owl:equivalentClass	HP:0000848	0.2253525
MP:0005661	owl:equivalentClass	HP:0003351	0.2253525
MP:0010598	owl:equivalentClass	HP:0001646	0.2253525
MP:0004331	owl:equivalentClass	HP:0031000	0.2253525
